Sl No,Parva,Kandah <M>,Kandah Name,Sama Name,Swara Symbols
1,आग्नेयपाठः,Kandah 1,प्रथम खण्डः,गौतमस्यपर्कः,त त श | थाच् चा श | टा श टि श | चा श चि | टा श टि श | कि च | ट ट खा शि | ख श |
2,आग्नेयपाठः,Kandah 1,प्रथम खण्डः,कश्यपस्यबर्हिषीयम्,तू | षू टी त श | चि टी ता | टा खा शि | च खा |
3,आग्नेयपाठः,Kandah 1,प्रथम खण्डः,गौतमस्यचैवपर्कः,तू ति श | यू प श | खि ण | ट ता पा प्लि | शा |
4,आग्नेयपाठः,Kandah 1,प्रथम खण्डः,सौपर्णञ्च,षू ति श | षृ टा ता | क टि ता | ताच् क टा ख प्ल | प्ल शा |
5,आग्नेयपाठः,Kandah 1,प्रथम खण्डः,वैश्वमनसञ्चादित्यसामवा,टि त | षू टि त चा चा | टि त का त त | चा टी खण | प प्ला |
6,आग्नेयपाठः,Kandah 1,प्रथम खण्डः,श्रौतर्षाणित्रीणि,ती | ट खा शि | ख श | च श क कि टा टु त | चा टी खण् | प प्ला | खा शि शु | टा त टा त श | पि ण | षी टि | टीट् ख शि | टि ख | त त | कि की खि श | चा क कि चा क खि श | चि चि क खि प्ल प्ला | शा |
7,आग्नेयपाठः,Kandah 1,प्रथम खण्डः,औशनञ्च,ति | टा ता | चा टु त | भी त टा खण श | प प्ला | शा |
8,आग्नेयपाठः,Kandah 1,प्रथम खण्डः,शैरीषेच,ती त श | टा ता | ता श ता टा ख ण | थ च श | था टा प श | ख श | शा | ति त श | षु टू त | टीट् ख शि | टि ख |
9,आग्नेयपाठः,Kandah 1,प्रथम खण्डः,इन्द्रस्यसंवर्गौवात्रघ्नेद्वे,ति | च था टु त | च थिच् चा य टा | क थ टि खण् | प शा | षि ती त श | क टी त टा त किच् चा य टा | टाट् ख शि | ख |
10,आग्नेयपाठः,Kandah 1,प्रथम खण्डः,साकमश्वस्यशौनःशेपेःसामनी द्वे,फा खि शी | षी टि चा | टा चि | टा खण् श | प प्ल | शा | षि ती ता श | यू प श | खि ण | टा खण् श | प प्ल | शा |
11,आग्नेयपाठः,Kandah 1,प्रथम खण्डः,वत्सस्यकाण्वस्यसामनीद्वे,ती | च श ची थ टि त | भी त | पा प्ल प्लि | शा | षी तू त श | षि टू कच् शा | षी टूच् कच शा | का टा खण् | प शा |
12,आग्नेयपाठः,Kandah 1,प्रथम खण्डः,अग्नेश्चवैश्वानरस्यार्षेयम्,तु ति | च चा टी ख ण | ख प्ल ख णा | पा प्ल प्ला | शा |
13,आग्नेयपाठः,Kandah 1,प्रथम खण्डः,सुमित्रस्यचवार्द्धश्वेस्साम,षी तू त श | चा काच् चा टि टा त टा त श | च या टा टा त टा त श | ट खा शि | ताच् |
14,आग्नेयपाठः,Kandah 2,द्वितीय खण्डः,अग्नेश्चसंवर्गः,ति त श | कि टि ख णा | च य टि | टीट् ख शि | खी |
15,आग्नेयपाठः,Kandah 2,द्वितीय खण्डः,वैश्वमनसञ्च,ण फ ख शु | थ टु ख ण | च टु त श | च टा ख प्ल | प्ल शा |
16,आग्नेयपाठः,Kandah 2,द्वितीय खण्डः,श्नाभाश्नौष्टेद्वे,ती | टा टा | षु तू टि | क टिच् क टा त | खि त्रा | था ट ख | तु ति | च श का टी ख ण | ती ती | टि खा शि |
17,आग्नेयपाठः,Kandah 2,द्वितीय खण्डः,वैश्वामित्रञ्च,पि शू | टा टा चा चा | टा टाच् च क ट खण् श | प शा |
18,आग्नेयपाठः,Kandah 2,द्वितीय खण्डः,अग्नेश्चजराबोधीये,ता | टा टा चा चा श | का टि टा खा शि | का कू च | ती त | च चि श | टी ता | थ श किच् च य प ण श | खा शा |
19,आग्नेयपाठः,Kandah 2,द्वितीय खण्डः,मारूतञ्च,पि शु | था चि क ख ण श | चा क टि च टा ख प्ल | प्ल शा |
20,आग्नेयपाठः,Kandah 2,द्वितीय खण्डः,भार्गवेच,टा खा श | टा खा श | षी ति | टा खा श | षि तु | कि पा प्ला | प्ल शा | षी ती | षि चु श | क थाच् चा खा खु ण श | क ट ख शि | ख |
21,आग्नेयपाठः,Kandah 2,द्वितीय खण्डः,अग्नेश्चवारवन्तीयम्,तू त श | खि श का प ण श | पु खु ण श | खि ण | क था पी खु ण श | पि प्ली श | प्ल शा |
22,आग्नेयपाठः,Kandah 2,द्वितीय खण्डः,और्वस्यवैधारेस्सामनीद्वे,चू त श | ख श | टि क टा टा ची श | टा टिच् चि | चा क त श | ख | षु ति ता | कि च टा ता टि टि त | टी त टा टा त | ट्ट् ख शि | च ट ख |
23,आग्नेयपाठः,Kandah 2,द्वितीय खण्डः,अत्रेश्चासङ्गम्,षि ते त श | टू ट त टा ता | टीट् खा शि | टि ख |
24,आग्नेयपाठः,Kandah 2,द्वितीय खण्डः,प्रजापतेश्चनिधनकामम्,फी शा का | षी टि च | टि चि श | कू का पा प्ल श | ख |
25,आग्नेयपाठः,Kandah 3,तृतीय खण्डः,सैन्धुक्षितानित्रीणि,तु त | चा थाच् का य ट टा त श | टा टा | क प प्ल प्ला | शा | ति त | षि कू टीच् य टा त | पि त्र श | ख श | ति त श | टा त | यू प श | खी ण श | क प च श | क टा ख प्ल | प्ल शा |
26,आग्नेयपाठः,Kandah 3,तृतीय खण्डः,अग्नेर्हरसीद्वे,टा खा श | थाच् क टी खा श | टा खा श | टू खा श | टि किच् चा | ती | ख शा खि णा | टा ख शा खि णा | टि टाट् ख शि | ख श |
27,आग्नेयपाठः,Kandah 3,तृतीय खण्डः,इहवद्वामदेव्यंतृतीयम्,षी तू | षी टि ता | टू ता | प प्लि | शा |
28,आग्नेयपाठः,Kandah 3,तृतीय खण्डः,यामेद्वे,टु खि ण | टी खी ण | टी खि | त्र | ण फ फि फि खा ख श | ण फ फि फि ख खा श | टी खा | त्र |
29,आग्नेयपाठः,Kandah 3,तृतीय खण्डः,अग्नेराक्षोघ्नेद्वे,खी श प्लि | की टि त | टी ता | टि खण् | प शा | खी श प्लि | ची टि त | टि त क टा खण् | प शा |
30,आग्नेयपाठः,Kandah 3,तृतीय खण्डः,वैश्वमनसञ्च,खि शि | च चि श क था चि क ख ण | ता त श | चि प प्लि | शा |
31,आग्नेयपाठः,Kandah 3,तृतीय खण्डः,अग्नेश्चार्षेयम्,तु ति | टा टा चि | टा टि क टा खण् श | प प्ला |
32,आग्नेयपाठः,Kandah 3,तृतीय खण्डः,सोमसामच,ती | टि त | टा टी क थ टा ता | टा टी कथ् टि खण् | प प्ला |
33,आग्नेयपाठः,Kandah 3,तृतीय खण्डः,गोपवनञ्च,ती | टा ख णा | चा टू ख णा | खु श खि ण | प्ली | प शा |
34,आग्नेयपाठः,Kandah 3,तृतीय खण्डः,सूर्यसामनीद्वे,षी ति | चा या ट | चा था ट टि | टिट् शि | ता टाख् | ती त श | कि ख ण | क कु ख ण | पा ण श | किच् क पि प्ला | प्ल शा |
35,आग्नेयपाठः,Kandah 3,तृतीय खण्डः,कावञ्च,ती | टिट् ख शि | चा क चि चा | ती | टि खण् | प प्ला |
36,आग्नेयपाठः,Kandah 3,तृतीय खण्डः,वसुरोचिषस्सौर्यवर्चस्यसामनीद्वे,ती | टि ख शु | टि ख शु | टिट् ख शि | ख श | ता प प्लु ङि श | ता प प्लु ङी श | ता प प्लु ङि श | ता ट ख शि | ख श |
37,आग्नेयपाठः,Kandah 3,तृतीय खण्डः,गौराङ्गिरसस्यसामनीद्वे,टी खि ण | टी खि ण श | च चा टाट् ख शि | खा श | क था टि चि त | खी चा फा | क था टि चि त | खी चा फा | क था टि चि त | ष खू श | त्र |
38,आग्नेयपाठः,Kandah 4,चतुर्थ खण्डः,भारद्वाजस्यौपहवौद्वौ,ती | त ता टि खा शप्ल त चा खा ण श | टाच् क षी यि टा | चा कि कि की खू प्ला | ती | त ता का ख णा | काच् च टा च चा श | थाच् चा क टु ख ण | चा कि की खा प्ला |
39,आग्नेयपाठः,Kandah 4,चतुर्थ खण्डः,श्रुष्टीगवम्,टी टी श | टू टी श | टीच् क कि टा ख ण | च य ची य ट खाण् | प प्ला |
40,आग्नेयपाठः,Kandah 4,चतुर्थ खण्डः,अग्नेश्चयज्ञायज्ञीयम्,णा णा फ खा ण श | टू पा शा | टाच् क पू श चा श | त त | कू का श | ख |
41,आग्नेयपाठः,Kandah 4,चतुर्थ खण्डः,कार्तवेशञ्च,खी प्ली | च ची या ट | टि चु क य ट श | का का त त | टि खण् श | प प्ला |
42,आग्नेयपाठः,Kandah 4,चतुर्थ खण्डः,नार्मेधञ्च,षि तु त | क टि पी श | टा खा णा | कु टि खी ण | प चा श | क टि खी ण | प प्लु | प्ल शा |
43,आग्नेयपाठः,Kandah 4,चतुर्थ खण्डः,महाकार्तवेशञ्च,फू ता प प्ली ङ श | षी खू ण श | चा श | ख शी | ती | ट ख |
44,आग्नेयपाठः,Kandah 4,चतुर्थ खण्डः,भारद्वाजस्यपृश्नीद्वे,पि शृ | कु ची का य ट टा त श | चा था च य टा टा त श | चा य ट टा त श | कि टि खण् | प शा | षु ति त | कु ची क च य ट का | चा था च य टा का | चा य ट का | कि टि खण् | प प्ला |
45,आग्नेयपाठः,Kandah 4,चतुर्थ खण्डः,उरोराङ्गिरसस्यसाम,पा शृ | ची का चा का य प फ फी ता त | च य टा तच् क का टा खण् | प शा |
46,आग्नेयपाठः,Kandah 4,चतुर्थ खण्डः,गौतमस्यपौरुमुद्गेद्वेपुरुमुद्गस्यवाङ्गीरसस्यदेवानांवा,षृ तू त श | का टा च चि का य टा | टी कि ख ण | चा का खि प्ल त त श | प्ली | प्ल शा | फू ता प शू | षु टू त | चा ची क ख ण | ख प्ल त त श | चि ट | ख प्ल त त श | टाच् क च | ख प्ल खाण् श | प शा |
47,आग्नेयपाठः,Kandah 4,चतुर्थ खण्डः,मण्डोर्जामदग्न्यस्यसामनीद्वे,ती त श | क टा त टि त टि त टा ख ण | च य टा | चा थाच् का य ट | टु ता | क टाट् ख शि | ता टाख् | षी ति त | की का का य टा | चा थाच् का य ट | टि ता | क टाट् ख शि | ता टाख् |
48,आग्नेयपाठः,Kandah 4,चतुर्थ खण्डः,भारद्वाजस्यगाधम्,पा शी | चा क च का य ट का ख ण श | च काच् का या ट का ख ण | ता त श | क टा ख प्ल | प्ल शा |
49,आग्नेयपाठः,Kandah 4,चतुर्थ खण्डः,गौतमेद्वे,षी तू श | चि क का पा प्ला ङ श | च का चा का पी प्ल ङ श | पी प्ल तच् क प प्ल प्ला | शा | ति | की चा का ख ण | चा क च चा का खा ण | च का की च कि ख णा | कि ट तच् क टा खण् | प शा |
50,आग्नेयपाठः,Kandah 4,चतुर्थ खण्डः,अग्नेरायुः,षी तु खा श | तच् का य ट त | चा ची था या टा | टू त श | चा क पा प्ला | प्ल शा |
51,आग्नेयपाठः,Kandah 4,चतुर्थ खण्डः,अग्नेर्हरसीद्वे,खी शी | टा टाच् चा श | टा टा चू | टा टाच क प प्ल प्ला | शा | षू ति श | टा टाच् ची क का | टा टा चू का का | टा टाच् क प प्ल प्ला | शा |
52,आग्नेयपाठः,Kandah 4,चतुर्थ खण्डः,दैर्घश्रवसेद्वे,षू तु त | टा क कि टा त ट खा खा ता | का का च का ट त ट खा खा ताच् क प प प्ल प्ला | शा | तू त | चा ची क च तित् | चू क त तित् | चा टि खण् | प शा |
53,आग्नेयपाठः,Kandah 5,पञ्चम खण्डः,अग्नेराग्नेयेद्वे,तू ति | की या टा | चि टा चि भि | चा य ट | च चा क टा खण् | प शा | षु तू त श | की या टा त श | चि टा चि ट भि त श | चा य ट त श | च चा क टा खण् | प शा |
54,आग्नेयपाठः,Kandah 5,पञ्चम खण्डः,गौतमस्यमनार्येद्वे,तू ति | क टिच् चा का ट त | चि का टाच् का य ट | का य ट | च चा क टा खण् | प शा | षू तू त | चा का ट त | चि का ट त | थ टु त | च चा क टा खण् | प शा |
55,आग्नेयपाठः,Kandah 5,पञ्चम खण्डः,दैवोराजञ्च,फी कु | का काच् क टा त श | किच् चा का टी ख ण | कि च श | टि टि खण् श | प शा |
56,आग्नेयपाठः,Kandah 5,पञ्चम खण्डः,गाधिनश्चकौशिकस्यसाम,षी तु त | की टाच् कि य टा त त श | चा क चा का का टि त ची टि खण् | प शा |
57,आग्नेयपाठः,Kandah 5,पञ्चम खण्डः,बार्हदुत्थेद्वे,ती श | खि णा | क का च खि ण श | षी चु य टा श | टि टाच् क प प्ल प्ला | शा | तू त त श | खु शि | क का कि खि शी | टा त षु यि टा श | टि टाच् क प प्ल प्ला | शा |
58,आग्नेयपाठः,Kandah 5,पञ्चम खण्डः,पौरुमीढञ्च,फि खा ण फ श | कि चि थ क टा ता | ष टि ता | टू त | पी त्र | ता टाख् |
59,आग्नेयपाठः,Kandah 5,पञ्चम खण्डः,कार्णश्रवसम्,ता प शृ | क कि टि त | क षू टी त | क टा त | ट खा शि | त ता ख |
60,आग्नेयपाठः,Kandah 5,पञ्चम खण्डः,दैवोदासञ्च,ष तू | क कि ची | टिच् क च टि ची श | भि त | का टि खण | प शा |
61,आग्नेयपाठः,Kandah 5,पञ्चम खण्डः,सौकृतवञ्च,तु | च का य टा | चु य टा | कि ता त | चि था च य टा | की ति त | फ ति | खी |
62,आग्नेयपाठः,Kandah 5,पञ्चम खण्डः,काण्वेद्वे,फी की | क टा कि ख ण | ती त श टि त श टा ख ण | टि ता | काच् क टा ख प्ल | प्ल शा | ति | का का ख प्ल खी शू | ट त टी कि ख प्ल ख शू | ट तच् का टि टी टी ख प्ल खा शू | ट तच् की टि ख प्ल खा शू | ट त टख् शि | ख श |
63,आग्नेयपाठः,Kandah 5,पञ्चम खण्डः,मानवेद्वे,ती श | खि ण श | की च य टा श | क की टी टा ख णा | टि त टट् खा शि | ख प्ल | षू तू त श | षु चू कि टि टि ख णा | चि त टट् ख शि | ख प्ल |
64,आग्नेयपाठः,Kandah 6,षष्ठ खण्डः,अग्नेश्चद्रविणम्,णफ ख शी | क टीच् क यि टा | टी का चा य टा | चा टी खण् | प प्ला |
65,आग्नेयपाठः,Kandah 6,षष्ठ खण्डः,बार्हस्पत्यञ्चब्राह्मणस्पत्यंवा,खि प्ली | टीच् क कि टा ख णा | तिच् चा य ट | टा ख ण | ट ख शि | ख श |
66,आग्नेयपाठः,Kandah 6,षष्ठ खण्डः,वसिष्ठस्यचवीङ्कम्,कु पा ण श | षू टु त | च क का च य टा | क ट क च टि खण् श | प प्ला |
67,आग्नेयपाठः,Kandah 6,षष्ठ खण्डः,विस्पर्धञ्च,फी तु श | की कु टा त | कू था टि त | टि खाण् | प शा |
68,आग्नेयपाठः,Kandah 6,षष्ठ खण्डः,ऐतवृधञ्च,ता | टी त | क टा टि ता | षी की टि ता श | टा टि का टी खण् | प प्ला |
69,आग्नेयपाठः,Kandah 6,षष्ठ खण्डः,मनसश्चदोहः,षी तु श | किच् चु टा त श | कि की क य टा टा त श | क टा ता टा त श | चा थ टा खण् | प प्ला |
70,आग्नेयपाठः,Kandah 6,षष्ठ खण्डः,समन्तानित्रिणिअग्नेरेकमिन्द्राग्न्योर्वाप्रजापतेर्वावरुणस्यद्वे,षि ती श | क कि टू त | कु भी क फ प्ल ण श | टी त टा त श | टी खण् | प प्ला | खा शू | क का की प फा फा फा त त श | कु पी फा फ त त श | यी प फा फ त त श | टि खण् | प प्ला | तु ता | खा श खि ण श | खा श खि ण | किथ् टीट् ख श | टि ख |
71,आग्नेयपाठः,Kandah 6,षष्ठ खण्डः,वमृस्यवैखानसस्यसाम,तू त त श | खि ण श | क टि त टा ख ण श | चा खा श ती त श का ख ण | टि त | टि खण् | प प्ला |
72,आग्नेयपाठः,Kandah 7,सप्तम खण्डः,श्यावाश्वञ्च,ती | टूच य ट | षी टूच च य प खा ता श | चि टि टा | की की प प्ला | प्ला | शा |
73,आग्नेयपाठः,Kandah 7,सप्तम खण्डः,ऋतुसामनीच,षा यू पि कि फ | यू पि की फ | यु पी चा क फ | ष यू टा खि त्र | टु ख | ता त | त प षे तू त श | त प षे तू त श | त प षै तू त श | त प षै तू ति | त टाख् |
74,आग्नेयपाठः,Kandah 7,सप्तम खण्डः,यामञ्च,ख शप्ल त त श | टू कि खा श | टु चा खि श | क टी का खा श | ख शप्ल त त श | टु पि खि श | त्र श |
75,आग्नेयपाठः,Kandah 7,सप्तम खण्डः,अग्नेश्चाग्नेयम्,खि श खि ण | का चा टा खि श खि ण | का चा टा खि श खि ण | का चा टा खि ण श | खि ण | का टा ख शा |
76,आग्नेयपाठः,Kandah 7,सप्तम खण्डः,अग्नेर्वैश्वानरस्यसामनीद्वे,ति त श | खा णा | टू क थ ष कू टा त | षी कु ट त | क टी पि खा श | त्र | तू त श | का टा कि खा प्ल | का का ट था ष कू खा श | का का ट था की कि खा श | का का ट क थ की कि खा प्ल | का का ट खा शि | ख |
77,आग्नेयपाठः,Kandah 7,सप्तम खण्डः,ऐटतेद्वे,ति त श | कू टा ता | षु की ट ता | षी कु टा त | क टू त टिट् ख शि | टाख् | फ खु शी | का का खी शा | फ खु शु | टि कि खा प्ल | फ खु शी | का कु खा श | फ खु शि | टु त | टिट् ख शि | टाख् |
78,आग्नेयपाठः,Kandah 7,सप्तम खण्डः,वामदेव्यञ्च,ती | खू श | क च | ष खू प्ल | चा चा खू श | चा टि पि खि | त्र |
79,आग्नेयपाठः,Kandah 7,सप्तम खण्डः,वैश्यज्योतिषेच,ता प णा शु षू तू | ता प ण शु षै तू | ता प ण शु षृ तू | ता प ण तू | चा टि का ता | ख | की की की | षी चि क क ट टा टा | षु कू क टा टि टि | षु चि क क ट ट टा | की की की | ची टि का ता | ख |
80,आग्नेयपाठः,Kandah 7,सप्तम खण्डः,यामेद्वे,की की षी की च श | था चा श | की षी टी च श | क की कि षि की च श | चा कि कि षु कीच् य टा | त टाख् | षु खा ण | का खू प्ल | षु ख ण | चा खू श | षु खा ण | भि कि खा श | षु ख ण | भि कि खा श | षु ख शि | त टाख् |
81,आग्नेयपाठः,Kandah 7,सप्तम खण्डः,प्रजापतेराशिमरायेद्वेमरायराशिनिवा,षी ती | षी कि कि ता च | षी ति त | षी कि की त च | षी ति त श | षी कि की त च | षी ति | ख | षी ति | ति कि ता ट ट च | षी ति त | चा क की त ट ट च | षी ति त श | की की त ट ट च | षी ति | ख |
82,आग्नेयपाठः,Kandah 8,अष्टम खण्डः,श्येनञ्च,ती | कु भा त | भी त | का चा क था भि त | चु था भि त | कि का च टि खण् | प शा |
83,आग्नेयपाठः,Kandah 8,अष्टम खण्डः,वासोक्रञ्च,तु | णाफ् खा श | क षू टा त | णाफ् खा श | णाफ् खा प्ल | षु फि शि | ता ख |
84,आग्नेयपाठः,Kandah 8,अष्टम खण्डः,पौष्णञ्च,षु तू | षी की टा त | षु टू त | टि टा कि खा श | प्ली श | श |
85,आग्नेयपाठः,Kandah 8,अष्टम खण्डः,कौत्सञ्च,ती श | खू प्ल | षी खू प्ल | षि कू ख शु | णाफ् ख शी | ख श |
86,आग्नेयपाठः,Kandah 8,अष्टम खण्डः,काश्यपेद्वे,तु | षू टि त | तच् क षु टि त | षी कु ता | की च टट् ख शि | ता ख | षु ति त श | टा टा टु की टा त श | का त ता | टा टा षी कु ट् त | का त ता | का टीट् ख शि | टि ख |
87,आग्नेयपाठः,Kandah 8,अष्टम खण्डः,घृताचेराङ्गिरसस्यसामनीद्वे,ती | खू श | टू कि खा श | खी खू श | चा था चा था टा ख शि | ख प्ला | ति | खी खा प्ल | षी फु खा प्ला | षी कि टा त | ख प्ल ख ण | षू प्लू | प्ल शा |
88,आग्नेयपाठः,Kandah 8,अष्टम खण्डः,भारद्वाजस्यप्रासाहम्,षू ता | कु की खा श | कु कि खा प्ल | की की खा प्ल | षू ता | क कि पु खि | त्र |
89,आग्नेयपाठः,Kandah 9,नवम खण्डः,पाथेद्वे,टा खा श | चा टा खा श | क चि ती टी खा श | क कि ता टी खा श | थाच् क ट ख | ता त श | यी टा खा श | यू टा खा श | यू टा खा श | टा टाच् क प प्ल प्ला | शा |
90,आग्नेयपाठः,Kandah 9,नवम खण्डः,बृहच्चाग्नेयम्,षी खु ख श | चू ट त टा त | टा टा टा ख ण | क टू त ता प प्ल | ख |
91,आग्नेयपाठः,Kandah 9,नवम खण्डः,कौन्मुदम्,क पा शृ | ची का य प शू | चा य प शृ | टि खण् श | प प्ला |
92,आग्नेयपाठः,Kandah 9,नवम खण्डः,बृहचैवाग्नेयम्,षू तु त श | कू खा ण श | का ख प्ला ण श | कु ख ण | का ख प्ला ण श | का प कु ख ण | का ख प्लि | प्ल शा |
93,आग्नेयपाठः,Kandah 9,नवम खण्डः,कौन्मुदञ्चैव,तू ति | का टा ती श | की टि ख ण श | टा टी कथ् टि खण् श | प प्ला |
94,आग्नेयपाठः,Kandah 9,नवम खण्डः,अग्नेर्यद्वाहिष्ठीयेद्वे,तू | षि तु टा त श | टा टि टू त | टि खण् | प शा | षु तू त | षु टि तच् क च चा श | टि ता टु त | टि खण् | प प्ला |
95,आग्नेयपाठः,Kandah 9,नवम खण्डः,अग्नेश्चविशोविशीयम्,तू खि श | तच का टा प श | टि पा श चा श | त त प णा श | का खि ण चा श | त त ख प्ली श | प्ल शा |
96,आग्नेयपाठः,Kandah 9,नवम खण्डः,प्रजापतेःकनीनिकेद्वेअत्रेर्वा,ती | टि त श | टू त श | यू टा श | पि श | खा प्ल प्ला | शा | षी ती त | चा थाच् क टा त श | कि का य टा श | क था यी टा खि शि | त टख् |
97,आग्नेयपाठः,Kandah 9,नवम खण्डः,श्रौतर्वणञ्च,ती | त पा श | कि पी श | टाच् क का षी टूच् च का ता भी | ख श |
98,आग्नेयपाठः,Kandah 9,नवम खण्डः,कश्यपस्यसयोनिः,चा टाच् क टा कथ् टि खा श | की कथ् की टा टा क टा कथ् टि खा श | की कथ् कि | टि क टि कथ् टि खा श | की कू थाच् क टा कथ् टि खा श | की खी |
99,आग्नेयपाठः,Kandah 10,दशम खण्डः,बार्हस्पत्यञ्च,षी ती | की ची टा त श | थ की का टा त श | टि त टा त श | टा ता | ख श |
100,आग्नेयपाठः,Kandah 10,दशम खण्डः,ऐषञ्चारूढवदाङ्गिरसम्,टाच् क टा क टाच् क | ची काच् य ट | चा की य ट | का काच् का य ट | चा काच् का य ट | टाच् क टा क टाट् ख शि | ख श |
101,आग्नेयपाठः,Kandah 10,दशम खण्डः,आसीतेद्वे,तू श | कू टा त | टि टा क च चा | टा टाच् क प प्ल प्ला श | शा | का प शू | कु टा त श | टू त श का ख ण | भि त क प प्ल प्ला श | शा |
102,आग्नेयपाठः,Kandah 10,दशम खण्डः,त्वाष्ट्रीसामच,फी की | षी तु टिच् चा श | षि कू ख श | पि प्ला | प्ल शा |
103,आग्नेयपाठः,Kandah 10,दशम खण्डः,मानवञ्च,तू श | षी टि त च का | टि त क चि टि त | चि टि खण् | प प्ला |
104,आग्नेयपाठः,Kandah 10,दशम खण्डः,अगस्तस्यचराक्षोघ्नम्,फिप्ल खु प्लि | टी खाणफप्ल् | ख श | ट चि | ची ट त | ता प प्ल | ख श |
105,आग्नेयपाठः,Kandah 11,एकादश खण्डः,तौदेद्वे,ता | क पू शु | क चि | क टू च श | टा टा खा शि | ख | षी तु | खि शा खि णा | षी खी ण श | ट त टा खा शि | ख |
106,आग्नेयपाठः,Kandah 11,एकादश खण्डः,दैर्घतमसानित्रीणि,षी ति त | पी शा | खि णा | खि शा खि ण | खा त्र | तच् | खि शु | षी टि ख णा | ख प्ल ख शा खि ण | खा | त्र | पि शृ | क टा खि ण | की कि च | क टा खि ण | क का कि चा | क टा खि त्र | तच क ट ख |
107,आग्नेयपाठः,Kandah 11,एकादश खण्डः,श्यावाश्वस्यप्रहितौद्वौ,ती | टु चा क च चा | टि त | टीट् ख शि | ताच् ट ख | खु प्ली | टि च काच् क ट | फू ता श | प श ख प्ल | शा |
108,आग्नेयपाठः,Kandah 11,एकादश खण्डः,प्रजापतेःश्रुधीयेद्वे,फी ची श | क कु का का का चा था टा टि ता | च टा ट खाण् | प शा | षी ती त त | क कु ख श | च य पि प्ला ता | प श ख प्ल | शा |
109,आग्नेयपाठः,Kandah 11,एकादश खण्डः,प्रजापतेःसदोहविर्धानानित्रीणिसदःपूर्वंहविर्धाने उत्तरे,षु ति त | ची का या ट ता का | चा थाच् का य ट ता का | टि खाण | प शा | फा खा ख श | षू ती टि की | टा टा था क पा श | ट खा शि | ख प्ल | तु | षू टी ता | चि टा पा शा | थाच् का ट ख शि | थ टिख् |
110,आग्नेयपाठः,Kandah 11,एकादश खण्डः,त्वष्टुश्चातिथ्यम्,ती | काच् क की ख ण | चि ट टा ख ण | टा ता टीट् ख शि | ख श |
111,आग्नेयपाठः,Kandah 11,एकादश खण्डः,अदितेश्चसाम,खी प्ली | क कि चा य ट टि त | फा खी श | प्ली | प्ल शा |
112,आग्नेयपाठः,Kandah 11,एकादश खण्डः,अगस्तस्यचराक्षोघ्नम्,का पा शि | कि कि टा खु ति श | ट ख शि | ख श |
113,आग्नेयपाठः,Kandah 11,एकादश खण्डः,वार्क्जभञ्च,ता त | ख श | टी च कि ता टि | ख प्ल | षी पू प्ल | ख श |
114,आग्नेयपाठः,Kandah 11,एकादश खण्डः,बृहदाग्नेयञ्चसङ्कृतंवा,षू खी ता श | टि ख फू ता श | प श ख प्ल | शा |
115,आग्नेयपाठः,Kandah 11,एकादश खण्डः,अगस्तस्यचैवराक्षोघ्नम्,षु त त श | क कि पू शू | का का पी शू | प शू | प्लु श | प्ल शा |
116,आग्नेयपाठः,Kandah 12,द्वादश खण्डः,वसिष्ठस्यप्रमंहिष्ठीयानिचत्वारि,खि शू | टिच् कि पा श त ता श | पि श पि श ख प्ल | शा | तू | च टि टच् का य टा क टा ता श | चा टाच् क टा का | क प प्ल् प्ला | शा | फु खा ख श | थ की टी टा ट टी टी श | का की क थ टा खण् श | प शा | षू तू त | का टी ख णी फि त ता श | फा ता त श | फा ता त श | प्ला प्लि | शा |
117,आग्नेयपाठः,Kandah 12,द्वादश खण्डः,भरद्वाजस्यवाजभृत्,टा त टा त श | ता टि | ख प्ल | चा श चि चा का चि ट त श | पा प्लि प्लि | शा |
118,आग्नेयपाठः,Kandah 12,द्वादश खण्डः,सौभराणित्रीणि,णाफ् खा प्ला ङ श | क चा क टी टि टि ता श | थ टु त त श | ट खा शि | ख | तू त | क का क चि टा शॄ | ख शप्ल् त प प्लि प्लि | शा | कु ति त | टा ख ण | टी खा प्ल ख शि | खा ण श | टा ख ण | खिणफप्ल् श | ख श |
119,आग्नेयपाठः,Kandah 12,द्वादश खण्डः,पथस्यसौभरस्यसामनीद्वे,ता | का ट कि टा ख श | फा ता त श फा ता त श | प्लि प्लि | शा | ता त श | प णा ण फाप्ल् खि ण श | चा चा श क थ काथ् पा प्ली श | प्ल शा |
120,आग्नेयपाठः,Kandah 12,द्वादश खण्डः,दैवानीकञ्च,फि प्ल खी प्लि | क था च श क टा टा खा ण | टि त | प श ख प्ल | शा |
121,आग्नेयपाठः,Kandah 12,द्वादश खण्डः,साध्रञ्च,णा फा ख शी | क टू च | चा क टी | प श ख प्ल | शा |
122,आग्नेयपाठः,Kandah 12,द्वादश खण्डः,जमदग्नेश्चसंवर्गः,फी ची श | टी त टा त श | थ टि ता | का चा टाच् य प प्ली श | प्ल शा |
123,आग्नेयपाठः,Kandah 12,द्वादश खण्डः,अगस्तयस्यचराक्षोघ्नम्,पि शु | कि किच् चा टि त | कूच् क टा ख प्ल | प्ल शा |
124,आग्नेयपाठः,Kandah 12,द्वादश खण्डः,अग्नेश्चश्रैष्ठ्यम्,चा चि क चा टच् चा | ट कु टच् चा | चा चा टा टच् चा | की काथ् टा त | प शा |
125,आग्नेयपाठः,Kandah 12,द्वादश खण्डः,आदित्यस्यचरुचिरोचनंवा,ती | च खू श | क कि खू प्ल | क टी कि खा प्ल | की त पि खा | त्र |
126,तद्वपाठः,Kandah 1,प्रथम खण्डः,मर्गीयवञ्च,ती | टा खि ण | कि तच् का य ट श | की खि ण श | टट् ख शि | तच् ट ख |
127,तद्वपाठः,Kandah 1,प्रथम खण्डः,रौद्रेद्वे,ती | ता ति टा खा शप्ल् त चा खा ण श | क टा त | टा टच् क प प्ल प्लि | शा | षी ती त | कि कु चा था च य ट ख फि खी ण | प श ख प्ला | शा |
128,तद्वपाठः,Kandah 1,प्रथम खण्डः,मार्गीयवञ्चैव,षी ती त | कि षू टि त | च य ट ता | टिट् खा शि | ख |
129,तद्वपाठः,Kandah 1,प्रथम खण्डः,आश्वञ्च,फी की श | षी टि च | क भि त | टि ता | ख |
130,तद्वपाठः,Kandah 1,प्रथम खण्डः,ऐटतेद्वे,तु | ती ट ख शि | ख श | खि ण | ता टट् ख शि | ख श खि ण | ता ट खा शि | ख श | खि ण | ताच् का टा खा श | चा का ता टा खा श | टा खा श | का टाख् |
131,तद्वपाठः,Kandah 1,प्रथम खण्डः,श्रौतकक्षेद्वे,खा प्ली ङ श | टी य का ख ण | त त पि श | क ट खा शि | ख श | षू तू त | का च कि टा त त का ख ण श | टी त त क थ टा ख प्ल | प्ल शा |
132,तद्वपाठः,Kandah 1,प्रथम खण्डः,तन्वस्यपाथस्यसामनीद्वे वसोवार्षेः,पि शु | चा थाच् का य ट | चा य ट | क प प प्ल् प्ला | शा | पि शू | चा थाच् का य ट टा त श | चा य ट टा त श | टिट् ख शि | ता टाख् |
133,तद्वपाठः,Kandah 1,प्रथम खण्डः,अङगिरसान्निवेष्टौद्वौ इळा,षि तु त | ता चि क च क क टा का टट् त | कु टा का टट् त | की टा ख शि | ख श | तू की खा का फा | तू की चा का फा | तू की ख ण | टिट् त प्ला प्ली | प्ल शा |
134,तद्वपाठः,Kandah 1,प्रथम खण्डः,शय्यातानित्रीणि,तु | कु ता श | का था ट भि ति श | च य टा ति श | टीट् ख शि | ताच् | षि ती त | का था ट भि का कि खा श | च य टा का कि खा श | टीट् ख शि | ताच् | षू तु | का का ख शी | काच् क ख शी | टीट् ख शि | ख श |
135,तद्वपाठः,Kandah 1,प्रथम खण्डः,इन्द्राण्यास्साम,षी ति त | टू ख ण | ख प्ल ख ण | काच् क किच् का खा शि | ख श |
136,तद्वपाठः,Kandah 1,प्रथम खण्डः,गोषूक्तम्,षी तू ती | क कि टा टा टि टि | क टि टा टा टि श | टा ट ख शि | कि टाख् |
137,तद्वपाठः,Kandah 1,प्रथम खण्डः,आश्वसूक्तञ्च,ख शृ | टी तिच् | कि का टू तिच् | ट टि टिच् का टट् ख शि | कि टाख् |
138,तद्वपाठः,Kandah 1,प्रथम खण्डः,गौरीवितम्,षी ति त | यू प श | का खी श | का टा खि | त्र |
139,तद्वपाठः,Kandah 1,प्रथम खण्डः,गौराणित्रीणि,ती श | टि त | चा का टि ख खा ता श | प्ला प्लि | शा | णाफ् खा शी | टि त टा ख ण | ट त ट च ट | टा ति | टाख् | षी ती त | का का क क टा त त | चु थि त त | भि त | चि टा ख प्ल् | प्ल् शा |
140,तद्वपाठः,Kandah 2,द्वितीय खण्डः,सौपर्णानि त्रीणि,ती त | का ख ण | टु ख ण | ट टा त | कि टा ख प्ल् प्ल शा | षी त त | चि क फप्ल् च | प श | प्ला शा | क की प प्ल् प्ला | शा | षू तु त श | चि क फप्ल् त त श प श | प्ला शा | ट ख शि | टिख् |
141,तद्वपाठः,Kandah 2,द्वितीय खण्डः,शाकलम्,फी की | कु टा त | की टि च | ख प्ल | शा |
142,तद्वपाठः,Kandah 2,द्वितीय खण्डः,आभरद्वसवेद्वेऐन्द्राग्नेर्वा,ता त श | टि टि का ख ण | टीच् क टिच् का ख ण | टीच् क टिच् ट ख शि | ख श | षि ती त | यू प श | यू प श | खा श | क का ख ण श | कि ट ख शि | ख प्ल |
143,तद्वपाठः,Kandah 2,द्वितीय खण्डः,तान्वेद्वे,षी ती | की टा ख खा ता | टी खण् | प शा | ण फ खा शि | खि श खा ण | कि टा थ का कि ख त्र | त टाख् |
144,तद्वपाठः,Kandah 2,द्वितीय खण्डः,रौहितकूलियेद्वे,ति | षी की टि त | ट त का ता भी | ख श | तु | टि कु टि त | टा टाच् च प प्ल प्ला | शा |
145,तद्वपाठः,Kandah 2,द्वितीय खण्डः,इन्द्राण्यास्सामनीद्वे,टू टू श | टू ष टू श | टू पण् | प शा | ती | टू का त ता | टी खा श | ख श शू | टू का त ता | टी खा श | ख श शु | टू का त ता | टी खा श | ख श |
146,तद्वपाठः,Kandah 2,द्वितीय खण्डः,इन्द्रस्यसहस्रबाहवियम्,तु ति | भि का क कि य ट | टि त क ट ट टा ट त त पा प्ला | प्ल शा |
147,तद्वपाठः,Kandah 2,द्वितीय खण्डः,धॄषतोमारूतस्यसामनीद्वे,पि णा | टाट् ख शि | टि खी खा ति | टट् ख शि | ख श | ती | प्ला श | प्लू प श | खि प्ल् खा ण श | पि प्ला | प्ल श |
148,तद्वपाठः,Kandah 2,द्वितीय खण्डः,भारद्वाजस्यदारसन्तित्रीणि,तू | प्ल श | यू प श | खी ण श | प्ला शा | क टा ख प्ल् | प्ल शा | खा शी खि शू | ट त ट त टु त | ट ता ट त ट ख शि | ख श | तू | ट टा | टू टा | टा टि टिट् ख शि | चा क त कि ख |
149,तद्वपाठः,Kandah 2,द्वितीय खण्डः,ऐध्मवाहानि त्रीणि,षु ता त श | क टि कु चि शा | पु प्ल प्ला | शा | तु | टु खा श | ख श | कि त टी खा श | ख श | क टी खा श | ख श | टि ख त्र | ख श | तु त | टु खा श कि थ टी खा श | क टी खा श | का प प्ली श | श |
150,तद्वपाठः,Kandah 2,द्वितीय खण्डः,अहेःपैण्वस्यसाम अहिहनोवाबैल्वस्य,ति त श | किच् का टि खा श | टा खा श | षु टा खा श | कि कि खा |
151,तद्वपाठः,Kandah 3,तृतीय खण्डः,ऐषञ्च,पि शी | यू प श | खी कि क फ श | षि टी ख ण श | खि ता | क की की | ख श |
152,तद्वपाठः,Kandah 3,तृतीय खण्डः,पौषञ्च,षी खी खा श | भी ता टा ट त | टि त टा क त | क प प्ल् प्ला | शा |
153,तद्वपाठः,Kandah 3,तृतीय खण्डः,मरूताञ्चसंवेशीयम्,टी त चि | टी त चि | टीच क टा खण् | प शा |
154,तद्वपाठः,Kandah 3,तृतीय खण्डः,हाविष्मतेद्वे,फि खी श | टा खा श | ख श | ष टा खा श | ख श | टू खा श | ख श | षु तू श | का टा चा क ख ण | टच य ट ता | भि त | टिट् ख शि | टि ख |
155,तद्वपाठः,Kandah 3,तृतीय खण्डः,हाविष्कृतेद्वे,षू ति त | षु टी त | टाच् य ट त | टिट् ख शि | टि ख | षू त त | कीच् क टि त | भि तच् क प प्ल प्ला | शा |
156,तद्वपाठः,Kandah 3,तृतीय खण्डः,काक्षीवतञ्च,खा शी | षि की टा ख प्ल त श | भी त | तिच् क ख प्ल् प्लि | शा |
157,तद्वपाठः,Kandah 3,तृतीय खण्डः,उषसश्च साम,ती | टा ट् कि ट् ख ण | खा ता | चा क पी प्ला | प्ल शा |
158,तद्वपाठः,Kandah 3,तृतीय खण्डः,भारद्वाजस्यमौक्षेद्वे,षु तु त श | षु टि त टा चा | य टा त टा त श | पि त्र | ता टख् | खा शू | का की टि खा ण | कू टट् ख शि | चि त क ख |
159,तद्वपाठः,Kandah 3,तृतीय खण्डः,भारद्वाजानित्रीणि,प फि शी | चि क क कि टि त | टच् य ट ता | क टा खण् श | प शा | ती | चा टी ख प्ल त श | का थाच् टी ख प्ल त श | टिट् ख शि | खी | ती | षु तू | षू तू | षू तू | ट खा शि | ख शा |
160,तद्वपाठः,Kandah 3,तृतीय खण्डः,शौक्तसामनीद्वे,चा का टिच् क च | क थि टा क च | टा टाच् का कि ता टि | ख श | खि श चा खू श | ची चा टा खि श | चा खू श | ची टी खि श | चा खू श | टा काच् का का खि श | चा खू त्रा | च चा श |
161,तद्वपाठः,Kandah 3,तृतीय खण्डः,वार्षाहरेद्वे,ती | टा टि | टि टा टा ख णा | टा टाच् क प प्ली | शा | ती त श | भि त | टी त टा ख णा | णि श णी श | प्ली | प्ल शा |
162,तद्वपाठः,Kandah 3,तृतीय खण्डः,कूत्सस्यप्रतोदौद्वौ,तू खा शा | भि त टा ख णा | षी फी प्ल शा | ख | षृ तू ता | षी टि खा शॄ | चा का टा ख शि | थ टाख् |
163,तद्वपाठः,Kandah 4,चतुर्थ खण्डः,सौश्रवसेद्वे,ती | ती टि त का चा | का ट ता | टि ता | क टा खि शि | तच् ट ख | फा खी शा | षी की टि पा फी ङ् शा | क ट ट खा शि | त टाच् |
164,तद्वपाठः,Kandah 4,चतुर्थ खण्डः,त्वाष्ट्रीसामच,ती | टा टा श | टू टि | थ च श | था टा प श | ख प्ल | शा |
165,तद्वपाठः,Kandah 4,चतुर्थ खण्डः,त्वष्टुरातिथ्येद्वे,ता | क ष टू टि च श | षी टु टि च श | षी टी टि टट् ख शि | ख श | ति | क षा टु टि था चा श | षु टू टि था चा श | षू टी टि था टा ख शि | ख श |
166,तद्वपाठः,Kandah 4,चतुर्थ खण्डः,पौष्णेद्वे,ती | टा च ट ख श | टू ट ख श | टी खा शि | कि च ता ट ख | षु ती त | टीच् क टि का ख ण | टि टाट् ख शि | ता ट ख |
167,तद्वपाठः,Kandah 4,चतुर्थ खण्डः,श्यावाश्वेद्वे,ति त | तीच् क टि खि श | ची श | का ट ख शि | ख श | षी ति त | टी टीच् टि त श | चि थ टि त श | का पा प्ला | प्ल शा |
168,तद्वपाठः,Kandah 4,चतुर्थ खण्डः,प्रजापतेस्सुतंरयिष्ठीयेद्वे,पि प्लि ङा श | टी टि ति त प प्ल | ख प्ला | पि प्ला | प्ल शा | षि ती ता | ट त | की टा खी ण | ट खा शि | का च टाख् |
169,तद्वपाठः,Kandah 4,चतुर्थ खण्डः,आप्सरसञ्च इष्टाहोत्रीयंवा आपांवानिधि,ती | च खा ण | क टी खा ण श | खि श खि त्र | त क टीख् |
170,तद्वपाठः,Kandah 4,चतुर्थ खण्डः,प्रजापतेर्निधन कामम्,फी कु श | क षृ की पा प्ल ङ् श | कू का पा प्ला | श |
171,तद्वपाठः,Kandah 4,चतुर्थ खण्डः,वाजिदापर्यञ्च,ती | टा ख ण श | टा खा ण | टि च | ट त ट क | क प प्ली | शा |
172,तद्वपाठः,Kandah 4,चतुर्थ खण्डः,सोमापौष्णञ्च,ती | षि की खा श | की टू खा श | च या टा खि त्रा | था टाख् |
173,तद्वपाठः,Kandah 5,पञ्चम खण्डः,वैतहव्यानि त्रीणि,षी ति | क का टु त त श | कीच् का टा त त श | क टी त त श | टा खा शि | खा श | षी तु | थ कू टा ता | कि टिच् टा ता | क चि टि | टाच् का टाख् | णा फ ख शि | षू टा ख ण | टा ख ण | त पा श | कीथ चा श | त टख् शि | त ख |
174,तद्वपाठः,Kandah 5,पञ्चम खण्डः,शौक्तानित्रीणि,टी खि ण | टा पि श | ख प्ल ख ण | टा पि श | ख प्ल ख ण | टा पि श | प्ला प्ल प्ला | शा | टा पि श | ख प्ल ख ण | टा पि श | ख प्ल ख ण | टा पि श | प्ला प्ल प्ला | शा | टि त ट त | टि त ट खा प्ल ख ण | ट त ट त टि त ट खा प्ल ख ण | टि त ट त टि त ट त | पा प्ल प्ला | शा |
175,तद्वपाठः,Kandah 5,पञ्चम खण्डः,गौरीवितानित्रीणि,का टा कि टा | ख प्ल ख ण | का का कि टा | ख प्ल ख ण | का टा कि टा | पा प्ल प्ला | शा | चा टि त पु श | ख प्ल ख ण | चा टि त पु श | ख प्ल ख ण | चा टि त पु श | प्ला प्ला श | शा | ती | ता क थ का य ट | ता टुच का य ट | भि त | प्ला प्ला प्ल | शा |
176,तद्वपाठः,Kandah 5,पञ्चम खण्डः,काण्वेद्वे,ती | ख श खि ण | षी खि प्ल | ता प प्लू शि | प्ल शा | खि शु | टि श | षू कू टि त | ख ण | की प प्ल | ता टाख् |
177,तद्वपाठः,Kandah 5,पञ्चम खण्डः,सौमित्रेद्वै दैवोदासं तृतीयं श्रौतकक्षाणिवा,तू श | षी ची शा | च टि तिच् चा शा | टि तच् क टा खण् | प शा | तू त श | टि त | कि टि त ती | टू त टी | टि ख शि | त चा टाख् | षू तू त | त पि श | कि ट त त टा ख णा | भि त तच् क टा खण् | प प्ला |
178,तद्वपाठः,Kandah 5,पञ्चम खण्डः,वैष्णवानि त्रीणि इहद्वाम दैवोदासन्तृतीयं और्ध्वसद्मनानिवा,ती | टि का च श | का टा च खा णा | च था टिट् ख शि | ख श | तू त त | की टि टा | टा चि का टि | षि की टि | ख श | फू त प णि ण्य णि | की टि ता | क टी त का प त्रा | ख श |
179,तद्वपाठः,Kandah 5,पञ्चम खण्डः,औदलेद्वे वैणवेद्वे वैणव औदलइतीवा,ता | च चि चा श | चि टि ति टि | ख श | टि त चा ति टि | खा श | ति त श | टीच् टा श | चि टि तूच् | टा टी ट चा चा तीच् | तु पा ण श | षा यू टा श | षा यू टा श | का पा शू | टा टाच् क पि शृ | त ताच् | ती | टा चा श | कि ट टाच् ख कु श | टाच् का श | टि त | प श ख प्ल | शा |
180,तद्वपाठः,Kandah 5,पञ्चम खण्डः,दैवोदासानित्रीणिआर्षभाणिवायदिवावार्ध्यश्वानि,षू ता श | कीच् का या ट श | का य ट ता भी | ख श | षू ति त श | तच् का य टा श | कीच् का या ट श | का की कथ् टि खण | प प्ला | षू तू त | का ट त श | का काच् क टा त श | ट त टट् ख शि | था ट ख |
181,तद्वपाठः,Kandah 5,पञ्चम खण्डः,कौत्सेद्वे पाञ्चवाजेवा,था प शू | का कीच् क कुच् क टि त | टि त टि त श | टि खाण् श | प शा | तु ता | थू पा श | ती त पि श | ट खु ण श | खीणफप्ल् श | ख श |
182,तद्वपाठः,Kandah 5,पञ्चम खण्डः,सौमेधानित्रीणि पौर्वतिथानिवा,षी ती | की चा काच् टि त क प प्लि | शा | षी ति त | की चा काच् टा त श | टि त टा त श | टि ख शि | खा श | षी तु त | की टा कि कि त त | थाच् क कि कि कि त त | का टा कि त त | का टाख् |
183,तद्वपाठः,Kandah 5,पञ्चम खण्डः,दैवातिथम्मैधातिथं वा,खा प्ली ङ श | थ षु कीच् का पि श टा ख ण | टुच् का पि श | टा ख प्ल | शा |
184,तद्वपाठः,Kandah 6,षष्ठ खण्डः,माधूच्छन्दसङ्क्रौञ्चंसौपर्णंवा घृतश्चुन्निधनंआङ्गिरसानिवा,ति | टा भि | का का च य ट श | यु पा खा ता | ट ख शि | ख प्ल | ति ता | क खा ण | का का ट खा ण श | पी प्ल ङ श | प प्ली श | प्ल शा | ती ति | का का च य ट ता त श | चा चि या ट ता त श | टी ता त श | टीट् ख शि | ता टाख् |
185,तद्वपाठः,Kandah 6,षष्ठ खण्डः,प्रैयमेधानित्रीणि शौक्त सामानिवा उत्गातृदमनंवातृतीयम्,ती | की य ट य ट क चि श | य ट य ट क ट खाण् | प प्ला | तु | त पा श | टा खा ण | टा खि शी | ती ति | खा ण | टा खि प्ल प्ला | शा | फी की | था टट् त | च टाटट् ता श | क टटट् त | क ट ट खण् | प प्ला |
186,तद्वपाठः,Kandah 6,षष्ठ खण्डः,गौरीवितेद्वे,ती | टी त | टु त कि टी खा ण श | टाच् का चा | टिट् ख शि | कि टख् | षि ती त | टा ख ण | क पा श | ट त टट् ख शि | खी |
187,तद्वपाठः,Kandah 6,षष्ठ खण्डः,आपालवैणवेद्वे,षि ती त | टू क थ ष कू खि ण | क षू टा च श | क का प प्ला प्ला | शा | णा णा फ खा श | षे कू ख प्ल ख ण | क षू टा च श | क का प प्ल प्लि | शा |
188,तद्वपाठः,Kandah 6,षष्ठ खण्डः,धुरश्शम्येद्वे,ती | का था टा | यू पा ति | पी ण श | ट ख शि | च ट ख | ती | की टा | टी ख ण | ट त प ण णा फि फा ता | ट त प प्ल प्ला श | शा |
189,तद्वपाठः,Kandah 6,षष्ठ खण्डः,महागौरीवितं तृतीयम्,फा खा खा शा | षी टु | की प श फ शि | की प प्ला प्ल प्ला श | शा |
190,तद्वपाठः,Kandah 6,षष्ठ खण्डः,वाचस्सामनीद्वे,ती | त पा श | क कु खा ण | टि त श | प श ख प्ल | शा | षू ती | त पा श | षू चा काच् का प श | षू ता ता श | टिट् ख शि | ख श |
191,तद्वपाठः,Kandah 6,षष्ठ खण्डः,महावामदेव्यंतृतीयम्,ण फ फा खा शि | का का कु ता टि ता श | ति टा ट ख | त्र श | ण फ फा ख शा | कि की कि ता टि ता | ति टा | ट ख | त्र श | ण फ फा ख शा | कि की कि ता टि ता | ति टा | ट ख | त्र श |
192,तद्वपाठः,Kandah 6,षष्ठ खण्डः,इन्द्रस्यसत्रासाहीयेद्वे,ति | था टा | टू टि | टिट् ख शि | क टाख् | ख शृ | षि टी च | टि त | टा खा ण श | ख प्ल | शा |
193,तद्वपाठः,Kandah 6,षष्ठ खण्डः,माहावामदेव्यञ्च,ता | चि या टा खा श | टा खा श | कू ख त्र | चि टि खा |
194,तद्वपाठः,Kandah 6,षष्ठ खण्डः,वैर्यश्वञ्च,खी श खि ण | का थाच् टी | खी श खि ण | का थच् टु खी ण | टिट् ख शि | ख श |
195,तद्वपाठः,Kandah 6,षष्ठ खण्डः,गौतमस्यच भद्रम्,ति त | क टा ख शी | टि ख शु | ट ख शि | ख श |
196,तद्वपाठः,Kandah 6,षष्ठ खण्डः,अश्विनोश्च साम,षू तू | षू फु ख ण श | पु प्ली | शा |
197,तद्वपाठः,Kandah 7,सप्तम खण्डः,त्वाष्ट्रीसामच,ती | टा टा | कीच् चा य टा श | क टा त | कि शि | ताच् |
198,तद्वपाठः,Kandah 7,सप्तम खण्डः,गोधासामच,ती | टू श का ख शि | टू श का ख शी | टू श खा ण |
199,तद्वपाठः,Kandah 7,सप्तम खण्डः,सवितुश्चसाम,ती | षी टि त | चा टु ख ति | क प प्ल प्ला | शा |
200,तद्वपाठः,Kandah 7,सप्तम खण्डः,उषसश्चसाम,ती | का की टा त श | टि खा खा ति | क प प्ल प्ला | शा |
201,तद्वपाठः,Kandah 7,सप्तम खण्डः,त्वष्टुरातिथ्येद्वे,षु टु ट त | षि टू ट त | षी टू ट ख शि | ख श | ती खी ण | की चि | टि त | काच् क टा ख प्ल | प्ल शा |
202,तद्वपाठः,Kandah 7,सप्तम खण्डः,सौमित्रञ्च,ती त श | पि श | चि था त क खा ण | टा ट ख शि | टि ख |
203,तद्वपाठः,Kandah 7,सप्तम खण्डः,इन्द्रस्यचमाया,खा प्ला खा प्ला | टु कथ् की टि त | टा टाच् क प प्ल प्लि शा |
204,तद्वपाठः,Kandah 7,सप्तम खण्डः,वैश्वामित्रेच,फ ति | षी कीख् | फ ति | षु किख् | फ ति | कीच् क टा ख | फी की श | षू टूट् ख शि | तच् टी ख |
205,तद्वपाठः,Kandah 7,सप्तम खण्डः,शौनश्शेपञ्च,णा णाफ् खा शी | कु च य ट | टा टाच् क प प्ल प्ला | शा |
206,तद्वपाठः,Kandah 7,सप्तम खण्डः,प्रतीचीनेषञ्च काशीतम्,तू ति | क किच् का पा प्ला ङ श | पु श पि प्ला | प्ल शा |
207,तद्वपाठः,Kandah 8,अष्टम खण्डः,सौमित्रञ्च,षी ती | षु टा त | टी त | टीट् ख शि | ख प्ल |
208,तद्वपाठः,Kandah 8,अष्टम खण्डः,श्यावाश्वेद्वे,षी ती | कि की का टु खा शि | ख श | षी ती त | कि टि कथ् टा टूट ख शि | ख |
209,तद्वपाठः,Kandah 8,अष्टम खण्डः,शैखण्डिनञ्च,ती | की टि त टा त त टि ख णा | खा ता | क प प्ल प्ला श | शा |
210,तद्वपाठः,Kandah 8,अष्टम खण्डः,वैतहव्यञ्च,षु ति त | कि खा ण | का तत् | तू | टि पि प्ल प्ला | शा |
211,तद्वपाठः,Kandah 8,अष्टम खण्डः,भारद्वाजञ्च,तू | चा य ट | चा थाच् का या ट | टिट् ख शि | ता ट ख |
212,तद्वपाठः,Kandah 8,अष्टम खण्डः,अरूणस्यचवैददश्वेस्साम,तु त श | तच् का या ट | कि का यि ट टा टाच् का य ट टा का टा का ता | षी टिख् |
213,तद्वपाठः,Kandah 8,अष्टम खण्डः,सौभरञ्च,ती | चा य टाच् का य टा | चि था का य टाच् का य टा | कि कि टा खण् | प प्ला |
214,तद्वपाठः,Kandah 8,अष्टम खण्डः,पाष्ठौहेच,खी णा | टा की ख णा | ट टा का ख ण | क प प्ल प्ला | शा | षी ती त | षी कि टि त | की टा टाट् ख शि | त टा टाख् |
215,तद्वपाठः,Kandah 8,अष्टम खण्डः,साकमश्वन्धुरांवासाम,कि कि च श | की कि च श | की कि च श | की कि च श | कु कि च श | कि कि | प शा |
216,तद्वपाठः,Kandah 9,नवम खण्डः,यामञ्च,तू त त | कि की चि | कथ् टा त | टा क थ ट य टाट् ख शि | त टाख् |
217,तद्वपाठः,Kandah 9,नवम खण्डः,आङ्गीरसञ्चइन्द्रस्यवा हरिश्रीर्निधनम्,षू तू | टीच् का का की टा ति | टि त | टीट् ख शि | च टाख् |
218,तद्वपाठः,Kandah 9,नवम खण्डः,वैरूपञ्च,ता | खू श | ती कु च | णा फ ख श | त्र |
219,तद्वपाठः,Kandah 9,नवम खण्डः,असीतञ्चसिन्धुसामवा,तू त | की की की क टा त | षी की का ट ता | टि खण् श | प शा |
220,तद्वपाठः,Kandah 9,नवम खण्डः,यमस्यार्कौद्वौ,ती | षी टि तच् क चि | क टा त का टी खण् | प प्ला | फा खी शा | क कु टि | टु त त | फा प्ला | प्ल शा |
221,तद्वपाठः,Kandah 9,नवम खण्डः,सौमित्रेद्वे,षी ती त | की खाणफप्ल ट त | च थ कि प प्ला प्ला | शा | षी तू त श | च टि खि ण | तू | क टि पा प्ल प्लि | शा |
222,तद्वपाठः,Kandah 9,नवम खण्डः,इन्द्रस्याभयम्,ती | टि त | का चा टि ख खा ति | क प प्लि श | शा |
223,तद्वपाठः,Kandah 9,नवम खण्डः,त्वाष्ट्रीसामनीद्वे,ती | ता षी टि खा प्ल ख णा | भि तच् क प प्ला प्ल | शा | ती | टि त | का टी त श | का टाच् क प प्ल प्ला | शा |
224,तद्वपाठः,Kandah 9,नवम खण्डः,इन्द्राण्यास्सामा,ती | च चू क था पा शा | ट खा ण | टा पा | प श ख प्ल | शा |
225,तद्वपाठः,Kandah 10,दशम खण्डः,श्यावाश्वञ्च,ती | टा त | टी त का ख ण | टि त | प्ली | प्ल शा |
226,तद्वपाठः,Kandah 10,दशम खण्डः,वैरूपञ्च,तू ति | टा टा का शा | टा टा काच् पि प्ला |
227,तद्वपाठः,Kandah 10,दशम खण्डः,सौमित्रञ्च,फी शा क | टीच् चा चा चि टि टिच् य टा | थ टिख् |
228,तद्वपाठः,Kandah 10,दशम खण्डः,स्तौभञ्च,खु श प्ला श | खी कि फा श | खु श प्ला श | खु का फा | खु श प्ला श खी का फ | खु श प्ला श | प्ल शा |
229,तद्वपाठः,Kandah 10,दशम खण्डः,श्रौतञ्च,ता | षू कु टा ता | का टा ता | काच् क टा ख प्ल | प्ल शा |
230,तद्वपाठः,Kandah 10,दशम खण्डः,आभीशवञ्च,षू ति त | चा श थ कि टा टा त श | चा य ट टा त श | टि खण् श | प प्ला |
231,तद्वपाठः,Kandah 10,दशम खण्डः,ऐषञ्च,फा खी शा | यू प श | खि शप्ल् ख ण श | प्लि प्ला | शा |
232,तद्वपाठः,Kandah 10,दशम खण्डः,इन्द्रस्यचक्षुरपवी,षी ती | चि टि ख ण | टीट् ख शि | ता ट ख |
233,तद्वपाठः,Kandah 10,दशम खण्डः,सौमित्रे,ती | टि का च श | क टि का ख ण | ख प्ल त त श | की प प्ल प्ला | शा | ता त श | षु टि त टाच् य टा त | पा श ट खि शि | ख श |
234,तद्वपाठः,Kandah 11,एकादश खण्डः,कौत्सञ्च,ती | षी टि तच् चा शा | टि त | टा ता | ख प्ल |
235,तद्वपाठः,Kandah 11,एकादश खण्डः,ऐषञ्च,षू ता त | चा श टी ख खा ता | क प प्ल प्ला | शा |
236,तद्वपाठः,Kandah 11,एकादश खण्डः,उषसश्चसाम,ती | च कू क टि ख ण | टि त | चा टी खण् | प शा |
237,तद्वपाठः,Kandah 11,एकादश खण्डः,बार्हदुक्थञ्च,तु ति श | टा टा का चा श | टा टाच् क प प्ल प्ला | शा |
238,तद्वपाठः,Kandah 11,एकादश खण्डः,वरुणसामच,षु तु | चा चा टि ति | था टा ती | टि ता | ख श |
239,तद्वपाठः,Kandah 11,एकादश खण्डः,उषसश्चैवसाम,का प शु | चा च टी ता | टि त | चा टी खण् | प प्ला |
240,तद्वपाठः,Kandah 11,एकादश खण्डः,मित्रावरुणयोश्चसंयोजनम्,कू था टा | ता कु था टा | था टा क था टा | का टा खण् | प प्ला |
241,तद्वपाठः,Kandah 11,एकादश खण्डः,ऋतुसामच,तु ति | थाच् का टि ख ण | क टा त | प श ख प्ल | शा |
242,तद्वपाठः,Kandah 11,एकादश खण्डः,विष्णोश्चसाम,ति | टा खि ण श | चि का च या ट टा य ट त | ट ख शि | त ताच् |
243,तद्वपाठः,Kandah 12,द्वादश खण्डः,कौत्सञ्च,ती | टा टि | चि टच क या टा | कि टि ख शि | ख श |
244,तद्वपाठः,Kandah 12,द्वादश खण्डः,काश्यपञ्चआप्सुरसंवा,चि क फ ता पा श शृ | टि ख खि ति | क प प्ल प्ला | शा |
245,तद्वपाठः,Kandah 12,द्वादश खण्डः,बार्हदुक्थेद्वे,ती त श | षी टिच् चा खा श | टि त | क टा ख शि | ख श | ती शु | क टी खि ण | च चा टि खा ण | काच् क टा ख प्ल | प्ल शा |
246,तद्वपाठः,Kandah 12,द्वादश खण्डः,और्ध्वसद्मनेद्वे प्रहितोर्वा संयोजने,ती | का की टा का चा | का टा प श ख प्ल | शा | फी शा का श | क षृ टी च श | च य टा टी कथ् श टाट् ख शि | त टाख् |
247,तद्वपाठः,Kandah 12,द्वादश खण्डः,कौत्सानिचत्वारि,ति | च चा शा टा त श | कि कि ता टा त श | चा टी टा त श | टट् ख शि | खा श | टच् च श का फा टा खि श | टच् च श का फा खि ण | टच् च श का फा पा खा त्र | ख | खा क था टी खि श | खा क था | का खि ण | खा क था | टा | खा खा | त्र | च शि कि फ टा खि श | च शि का फा खि ण | च शि का फा पा खा त्र | तच् |
248,तद्वपाठः,Kandah 12,द्वादश खण्डः,अभिवादस्यचऔदलस्यसाम,षी ति त | चा काच् का य टा | च श चा टा कि ता | ख श |
249,तद्वपाठः,Kandah 12,द्वादश खण्डः,सोमसामच,षी ति त श | टि त कि टि ख णा श | टीट् खा शि | टि ख |
250,बृहतिपाठः,Kandah 1,प्रथम खण्डः,इन्द्रस्यार्कौद्वौ,ती | टि त टा त | कि चा टि ख टि त | किच् चू चा का टा त | कि का चि क टाट् ख शि | ता टाख् | खी प्ली | चि का ट टा त | कि चू टा ख ण | क टा त चा टी खण् | प प्ला |
251,बृहतिपाठः,Kandah 1,प्रथम खण्डः,भारद्वाजेद्वे,ति | टा चा च क शु | ख श | चि क टा टा च क शु | ख श | टु थ ट ट का च क शु | ख श | कि कथ् टि का च क शु | खा श | षू तु त | च य टा | षु की च य टा | टि त | टि खण | प प्ला |
252,बृहतिपाठः,Kandah 1,प्रथम खण्डः,सन्नतेद्वे,ती | टि त | यू पा खि ता | यू टा | टिट् खा शि | टि ख | टु खि ण | टुट् ख शि | ख श | कुच् टि ता टाख् | ता क का टिट् ख शि | का टाख् |
253,बृहतिपाठः,Kandah 1,प्रथम खण्डः,शैतन्त्रृतीयम्,फू खा ण फ प्ल | टी चि टा ख ण श | च का चा पा श टा ख ण | फि त पा श टीट् ख शि | ख श |
254,बृहतिपाठः,Kandah 1,प्रथम खण्डः,नाविकञ्च,तु | का चा का का त ता | कीच् की का त ता | की टी चा टा का त ता | का का त ता | खी शि | टा ख |
255,बृहतिपाठः,Kandah 1,प्रथम खण्डः,प्रजापतेश्चाभीवर्तः,णा फ ख प्लि ङा | कीच् क्य य ट की प फ फाप्ल् चा या ट | का य टा ता खणफप्ल् | ख श |
256,बृहतिपाठः,Kandah 1,प्रथम खण्डः,भागञ्च,फू खी श | की चा का षू यु प श | कि टा ताच् ता प त्र श | ता टख् |
257,बृहतिपाठः,Kandah 1,प्रथम खण्डः,इन्द्रस्याभीवर्तः,फू ता प प्लु ङ श | षी कीच् का पा श | यी पा श | ट त ट ख | प्ली प्ल प्ला | शा |
258,बृहतिपाठः,Kandah 1,प्रथम खण्डः,नौधसम्,प प्लु ङ श | टी ट पा श | ट त षू या क ख ण | ट ता | की प प्ला | ख श |
259,बृहतिपाठः,Kandah 1,प्रथम खण्डः,लौशेद्वे,ता | च का ता टि ख श | टाच् च कि टा चा ता टा | चा क कि चा चा | टि त चा टी खण् | प प्ला | ता | च शा ता टि | ख श | टाच् चा का टाच् चा य ट टी त चि श | टि त चा टी खण् | प प्ला |
260,बृहतिपाठः,Kandah 1,प्रथम खण्डः,धानाकेद्वे,षी ति त | ता चा काच् क च य ट श | ता तू काच् च य टा श | चा श चू टी खण | प प्ला | षी तु | ची टा ख ण श | चा ता टि | चि चि चा चा का टि त चा टी खण् | प प्ला |
261,बृहतिपाठः,Kandah 1,प्रथम खण्डः,कालेयानित्रीणि,टा खी शा | ची ट चा क ख शप्ल् ख ण | षु कि च य टा ख शप्ल् ख ण | चू क ख णा | ख शप्ल् ख शा | टी खा शा | चा काच् का य ट ट त टा त त | षु चि क य टा ट त टा त त | चा या ट ट त टा त त | चा टी खण् | प शा | खु प्ली | क चि काच् क प प्लि ता प णि फा त त श | चा कि ख ख ण | प्ली | प्ल शा |
262,बृहतिपाठः,Kandah 1,प्रथम खण्डः,ऐषिरेद्वे,ती | खि ण | क च चा ता टा टा ख ण | ची का टि टि ख ण | क टिख् | ता त श | ची कु ति श | चा काच् चा य ट ता त श | कू था का या टा ता त श | चा काच् चा क खि शि | ख श |
263,बृहतिपाठः,Kandah 1,प्रथम खण्डः,गौश्रृङ्गेद्वे,फू ता प प्ली ङ श | षी टी खा फूप्ल् त ता | क टि त | चि टि खण् | प प्ला | फू ता प प्ली ङ श | षै टे कु त ची श | चू का प प्ल प्ला | शा |
264,बृहतिपाठः,Kandah 1,प्रथम खण्डः,प्रष्ठमेकम्,ताच् चू | षि टु क चा | क षी कि टि क चा | टि त | टीट् खण् | प प्ला |
265,बृहतिपाठः,Kandah 1,प्रथम खण्डः,शुक्लएकम्,तु त श | ची टि खी श | क कि की टा खी श | ची टि खी श | ख |
266,बृहतिपाठः,Kandah 1,प्रथम खण्डः,जमदग्नेरभिवर्तएकम्,षी तू त श | टा टि त श | क किच् क टि टि त श | चा चा टि ट ख शि | खि |
267,बृहतिपाठः,Kandah 1,प्रथम खण्डः,कौन्मुलबर्हिषेद्वे,णाफ् ख शू | टू पा शृ | क टि चि श | षि कु प प्लि | शा | तु त श | यू पा शृ | च चि श टी श | टि चि त च ख प्ल प्ला | शा |
268,बृहतिपाठः,Kandah 1,प्रथम खण्डः,वसिष्ठस्यजनित्रेद्वे,खी प्ली | टा का श षि यी टा श | षु टि खि ण | कि की कथ् टिट् खा शि | त टाख् | फू खा कि | षी यी पा श फा फा फा फा खि ण | कि टाच् क ट त टट् खा शि | त टाख् |
269,बृहतिपाठः,Kandah 1,प्रथम खण्डः,मैधातिथम्,तु त श | खि ण | टिच् य पि श | कि का का का | षु पी श | का का का का | पु श | कि का ख प्ल प्ला | शा |
270,बृहतिपाठः,Kandah 2,द्वितीय खण्डः,वैखानसम्,खी प्ली | खी काच् क प प्ला ता | क च चा की का पा फा ता | चु काच् पा प्ला खण् | प प्ला |
271,बृहतिपाठः,Kandah 2,द्वितीय खण्डः,प्राकर्षम्,षू ति श | खी प्ली | टि टा यू टा | टाच् खि शि | ता ट ख |
272,बृहतिपाठः,Kandah 2,द्वितीय खण्डः,सात्यम्,खु प्ली | टा टा ची टा त श | टा टा टु चि टि त श | टि टा कि टा ख शि | ख श |
273,बृहतिपाठः,Kandah 2,द्वितीय खण्डः,भारद्वाजानिचत्वारि कण्वब्रहद्वाद्वितीयम्,ती | चा य ट | चा काच् ची का य ट | किच क्य या टा | का य ट ट ख शि | ख श | षा ती त | चा य प प्ल ङ श | का का कीच् का य प प्ल ङ श | कीच् का या प प्ल ङ श | चा य प प्ल ङ श | का प प्ली प्ल श | श | षू ति | षो ची टि टि ति | ची का त टा | ता प प्ल | ख | फ खा शी | टु खि ण श | चा का कीच् का य ट ट खि ण श | कीच् का या टा ट खि ण श | चा य ट ट खि ण श | टि खण् श | प प्ला |
274,बृहतिपाठः,Kandah 2,द्वितीय खण्डः,वाम्राणित्रीणि,ती तु श | क किच् क क पा श कि शा | खि श | क चि टिच् क ट ट खा शि | ख प्ल | तू ता श | क चि क षि टी ता | का का क टा ता | टी तच् | क ट ट खा शि | ता ख | तू ता | क चि क शू | टाच् क कु टू | टा चा ता टि | ख श |
275,बृहतिपाठः,Kandah 2,द्वितीय खण्डः,गौङ्गवम्,खि प्ली | चि खु ण | ची चि ट खि णा | खि श पा श | क प प्ल प्ला | शा |
276,बृहतिपाठः,Kandah 2,द्वितीय खण्डः,साध्राणि त्रीणि,ति | ची का चि चि श | ती ता | कीच् कि भ टा टि टट् ख शि | ख प्ल | खी प्ली श | क कि ट खाणफप्ल् | ख श | क कि चा चा श चा भी खा श | टा खा श प्लु | प्ल शा | तु | खि शि | खि श खि शि | क का भी श | खि ण | पि प्ल ङ श | पि प्ल ङ श | ट ख शि | ख प्ल |
277,बृहतिपाठः,Kandah 2,द्वितीय खण्डः,विरूपस्य समिचीन प्राचीनेद्वे,तु | चा का पू शू | का चि चि पू शू | की चा चा श चा का पू शू | कू च क पू प्लु शा | क टाख् | ती | चा का टा ख | का चि चा ट टा ख | की चा चि चा का टा ख | षि टु टा ख ति | क टाख् |
278,बृहतिपाठः,Kandah 2,द्वितीय खण्डः,यौक्तास्रजमिन्द्रस्येन्द्रियंवा,तू | कू टि त श | टि का ची टि त श | टि पी प्ल | ख श |
279,बृहतिपाठः,Kandah 2,द्वितीय खण्डः,आत्राणित्रीणि,षू तु ता | की टा तु पी श | ट खा णा | की टाच् का क टा | क टा ख प्ल | प्ल शा | षी तु श | चा का च य टा ता त च खा श | थ की कि ता त च खा श | ची की ता त च खा श | टिट् ख शि | ख श | फू ता पा प्लू ङ श | थ की टिच् भू त टा त | ची टाच् का ट का | टि ख प्ल | प्ल शा |
280,बृहतिपाठः,Kandah 2,द्वितीय खण्डः,वासिष्ठानित्रीणि,ती | क टि खी ण | क भी खि शा खि ण | क टि खि ण | खि श | त्रा | फी की | टू टा शा | टू की टा | तू ति | ख श | त फू खा शा | च टी खाणफप्ल् श | ख श | कू की खा | त फू खा शा | की ताच् क टा ख प्ल | प्ल शा |
281,बृहतिपाठः,Kandah 2,द्वितीय खण्डः,वत्सस्यकाण्वस्य सामनीद्वे गौतमस्यवामनार्ये,पि शु | की टि ता | क षि ची टि त | टाच् क टाट् ख शि | ख श | खि शि | था च का खा प्ल त श | ची चा शा खा प्ल खा ण | चू क च शा ख प्ल त श | टाच् क टाट् ख शि | ता टख् |
282,बृहतिपाठः,Kandah 3,तृतीय खण्डः,हारायणानि त्रीणि,ति | ची क ख श | थाच् की खा श | ची चा का ख शा | टिट् ख शि | टा खा | फी की श | षू टू त | चा का टा त टी | षू का प प्ल प्ला | शा | फु खा शी | टु खि ण श | कुच का टि खि ण श | षी कीच् का टि खि ण श | चा य ट खि ण श | टि खण् श | प शा |
283,बृहतिपाठः,Kandah 3,तृतीय खण्डः,वाम्राणित्रीणि,ता खा श | च का य ट | ता चि का या ट | टा तच् क चू य टा | टि त श | चा टि खाण | प शा | टू त त | थाच् ट टा ख श खा ण श | थाच् ची का टि ख श खा ण श | क का ता खा ण श | टि खाण् | प शा | षु तू त श | थाच् ट टा च टि त श | क षू यि टाच् टि त श | च टा ताच् टि त श | च टा खाण् | प शा |
284,बृहतिपाठः,Kandah 3,तृतीय खण्डः,वरुणसामानित्रीणि,तु त श | ट चा टि कथ् टा टि चा श | टा कथ् टा षि कु चि | टा टि ट कि टि टि | ख श | तू त | कुच् क का | की चा किच् क का | चू क कि किच् क का | क का किच् | क का किच् क पाण् | प शा | षी ति ता त | चा चा या ट श | ट त ट त कीच् क टा त टि त | क का चि टि त | क च क ट त प प्ल | शा |
285,बृहतिपाठः,Kandah 3,तृतीय खण्डः,वषट्कारनिधनञ्च साकमश्वम्,षु फु खा प्ली श | थीच् का चा का य ट कि | षी ची का टा चा य ट कि | चा काच् का टाच् चा य ट का ख शि | ख श |
286,बृहतिपाठः,Kandah 3,तृतीय खण्डः,बृहतश्चमारूतस्यसाम,षु तु | थाच् चा य ट कि | ची का य ट कि | टी चि ट कि | की ख ण | ता त त | प्ली | प्ल शा |
287,बृहतिपाठः,Kandah 3,तृतीय खण्डः,संश्रवसे वीश्रवसे सत्यश्रवसे श्रवस इतिवार्यानां सामानिचत्वारी सांशानानिवा,चा थाच् का या टा टी | का थाच् का य ट टा | ची का य ट टा | चि कुच् का य ट टा | का थाच् का य ट टा | चा था टी टि खा शि | च खि | कीच् का या टा टी | का थाच् का य ट टा | ची का य ट टा | चि कुच् का य ट टा | का थाच् का य ट टा | कीच् टी टि खा शि | च खि | का चा का या टा टि | का थाच् का य ट टा | ची का य ट टा | चि कुच् का य ट टा | का थाच् का य ट टा | चा टख टि खा शि | चा टिख् | कीच् का या टा टी | का थाच् का य ट टा | ची का य ट टा | चि कुच् का य ट टा | का थाच् का य ट टा | कीच् टी टि खा शि | टिख् |
288,बृहतिपाठः,Kandah 3,तृतीय खण्डः,वासिष्ठानि त्रीणि भार्गवं वा तृतीयम्,भि त | चा का य ट | भि त | थाच् का य ट | भि त | कू का य ट | टि ख शि | खी | फी की | की षी टी त | क की च य टा ट ट कि त त | टि त | टि ख ण | प प्ला | फू खी श | खा चा प्ला | त चू क प शृ | का कि चा पा शू | क प प्लि | शा |
289,बृहतिपाठः,Kandah 3,तृतीय खण्डः,स्ववस आञ्जीकस्यसामनीद्वे,ती | पि श | यू प श | षी यु प श | की कि त टि | ख श | फू खा शी | टि त | कु टा त | टी टि चि | ता ता | टि ख ण | प शा |
290,बृहतिपाठः,Kandah 3,तृतीय खण्डः,काण्वम्,खि शु | कु ट का ता | ची चा चा श | टि त ट त की प त्र श | च श |
291,बृहतिपाठः,Kandah 3,तृतीय खण्डः,वैष्टम्भेद्वे,षृ तू त | षे पी श | यू प श | ता त षो टी त | का क टा ख प्ल | प्ल शा | ती तू त | कु च य टा टा त श | की कीच् का य ट टा त श | चा या ट टा त श | टिट् ख शि | ख श |
292,बृहतिपाठः,Kandah 3,तृतीय खण्डः,काण्वञ्चैव,ता त तु त | ख श खि श खि ण | क कि क खा शा खि श खि ण | क कि खि शा खि ण | खि त्र श | ख श |
293,बृहतिपाठः,Kandah 3,तृतीय खण्डः,श्रुष्टिगवञ्च,त षू ति त | टा टा क चि ट शी क थच् चि श | टा टा टा श टा ट शी क थच् चि श | कु ट शी क थच् चि श | टा टिच् का टि कि क थच् टिट् ख शि | ख श |
294,बृहतिपाठः,Kandah 4,चतुर्थ खण्डः,इन्द्रस्यचवृषकम्,तू ति श | षु टा चा चा य टा कि चा श | टि त | टी ख | प शा |
295,बृहतिपाठः,Kandah 4,चतुर्थ खण्डः,द्वैगतेच,खी प्ली | टीच् का य ट | ता ट त त | टि कि या टा | चा ट ख शि | त टा खा | षी तू त | थाच् का या पा खा ता श | क की या टा | टा टट् ख शि | टा खा |
296,बृहतिपाठः,Kandah 4,चतुर्थ खण्डः,कार्तवेशञ्च,षु ति | काच् क टा क टि का ख ण | ती | का टा खा शि | ता | ट ख |
297,बृहतिपाठः,Kandah 4,चतुर्थ खण्डः,इन्द्रस्यच शरणम्,फी शी | षी चि टी त | की क टा त | क टा त का टा ख प्ल | प्ल शा |
298,बृहतिपाठः,Kandah 4,चतुर्थ खण्डः,श्रायन्तीयञ्च,षू ता त | टा टि टा टा | की कीच् का य ट | कि कि टि त | पि शा | ता प प्ल | ख |
299,बृहतिपाठः,Kandah 4,चतुर्थ खण्डः,आक्षीलन्चबाभ्रंवा,चि क फ प्ल त त श प शी | टि भी च य ट | टी त का कि की | ख श | टा टि टाच् क टा ट ख शि | खा श |
300,बृहतिपाठः,Kandah 4,चतुर्थ खण्डः,शौक्तानि त्रीणि शुक्लानिवा आश्वानिवा,तु | टा टा | कू कि ख शप्ल् त त श | का ची ची क टा त | टा त श क टा ख प्ल | प्ल शा | तू त त | क की कि टि त | ची ची क टा त | टा त श क टा ख प्ल | प्ल शा | तू त | षु चि का य ट | षु चि का य ट | टि खण् | प शा |
301,बृहतिपाठः,Kandah 4,चतुर्थ खण्डः,प्रजापतेर्निधन कामम्,फी की | कु टी ख णा | क षु का खि ण | ट टा त श | टा च टिच् कच् श | ख |
302,बृहतिपाठः,Kandah 4,चतुर्थ खण्डः,गौतमस्यमनार्याणित्रीणि,ति | क टा कि कि ख श | का का कि टा कि कि ख श का कि शि कि कि ख श | का की टा कि कि ख श | ता ट खा शि | टा ख | ती | की शा टि त | की कि का टि त | का कि शि टि त | का की टा टि त | ता ट खा शि | त ट ख | ति | पी ण | ती चा पा ण | कु टि ता | पि ण | का टाच् का ट खा शि | ख |
303,बृहतिपाठः,Kandah 4,चतुर्थ खण्डः,वैरूपाणित्रीणि,ती | ट खा शि ख श | चा था कू टा | षी यि टा | क टा त | का टी खण् | प शा | ती | टा टा | कु की चि | था कि कु शि | क कि कि कि टि | ख श | फु खी शु | की यू टा | षु यू टा ट त | क था तच् का प त्र श | च ट ख श |
304,बृहतिपाठः,Kandah 5,पञ्चम खण्डः,पौरूहन्मनञ्च,खी प्ली | कीच् का य टा टि | टी टि टि का ख ण | टी कि ख ण श | प्ली श | प्ल शा |
305,बृहतिपाठः,Kandah 5,पञ्चम खण्डः,प्राकर्षञ्च,तु खा शा | की टि ता | षू टि त | ट ता का की | प प्लि | शा |
306,बृहतिपाठः,Kandah 5,पञ्चम खण्डः,इन्द्रस्यचाभयङ्करम्,खी प्ली श | कि टि त | षु कि टि त श | टी त का टी खण् | प शा |
307,बृहतिपाठः,Kandah 5,पञ्चम खण्डः,कावर्षेद्वे,ती श | टी खा श | किच् क टा | षू टि खि णा | कि टि | ख श | फू त प प्लि ङ श | षू टि ता | ट ता | टा खणफप्ल् | ख श |
308,बृहतिपाठः,Kandah 5,पञ्चम खण्डः,सूर्यसामच,खि शी | कीच् का य प ण णि फा फा प्ला प त त | टि ता | क प प्ल प्ल | शा |
309,बृहतिपाठः,Kandah 5,पञ्चम खण्डः,नैपातिथेद्वे वाशेवा,तू | का कु टा श | टाच् चा थि टी | टा टाच् क प प्ल प्ला | शा | षी ती त | कीच् क टी खि ण श | टाच् क च थि टी खि ण श | टुच् खि ण श | टट् ख शि | ख श |
310,बृहतिपाठः,Kandah 5,पञ्चम खण्डः,कौन्मुदेद्वेस्वर्जोतिषीवा,ती | टा टा श | षी ची श था टि | कि यी टा | टा टा क टाट् ख शि | खा श | फु ता पा शृ | था टि | कि टू खा श | था टाच् क टाट् ख शि | खा श |
311,बृहतिपाठः,Kandah 5,पञ्चम खण्डः,अनूपेद्वे,ती | काच् का य ट | क कि या टा | टा टा चि टि त | भी त | प श ख प्ल | शा | तू त | कि कि की टा टि क थ चा | षी कि कु टा टि क थ चा | चा या त | का टी खण् | प प्ला |
312,बृहतिपाठः,Kandah 5,पञ्चम खण्डः,वैरूपञ्च,पि शु | की टि | षी कु टा | टा टाच् क प प्ल प्ला | शा |
313,बृहतिपाठः,Kandah 5,पञ्चम खण्डः,वाचश्चसाम,षी ती त | टि चि या ट | टी यू टा | क टुट् ख शि | खा श |
314,बृहतिपाठः,Kandah 5,पञ्चम खण्डः,आक्षीलेद्वे,ष ती तु | षी टा त कु टु त | पा श | खि शा | षी तृ षी ती श | क टू यी चु श | प श | खि प्ला |
315,बृहतिपाठः,Kandah 6,षष्ठ खण्डः,गौरीवितेःप्रहितौद्वौ,ती | त टा टा त टा त त | थिच् क भि टा त टा त त | कि थ टी टा त टा त त | षि टू त | ता टट् ख शि | ताच् | षी ति त | का षू टि का षी टू च श | का टा खि ण | ता टट् ख शि | त ख श |
316,बृहतिपाठः,Kandah 6,षष्ठ खण्डः,आत्रेद्वे,ती | पाणफप्ल् | ख श | क क च य टा | टी कि टु | का का टा खण् | प शा | षु ती | षी टी क थ टि ट | च य टा टी क थ टि ट | खि ण | कु खि ण | टि खण् | प शा |
317,बृहतिपाठः,Kandah 6,षष्ठ खण्डः,गौतमेद्वे,तु त | की टा तच् क टा ता श | किच् कूच् का य ट त श | चा य टा त श | टी खण् | प शा | फू खि शु | टी टी यि टा श | चि टू का य ट त श | चा य टा त श | टी खण् | प शा |
318,बृहतिपाठः,Kandah 6,षष्ठ खण्डः,वामदेव्यञ्च,षी फू खा प्ली | की टि त | षु कि टि त श | टि त चा टी खण् | प शा |
319,बृहतिपाठः,Kandah 6,षष्ठ खण्डः,अश्विनोश्चसाम,फी की | षी टु क क चु क शी | पी प्ल | ख श |
320,बृहतिपाठः,Kandah 6,षष्ठ खण्डः,वसिष्ठस्य वज्राणि त्रीणि,ती | टट् ख शि | ख श | की कि षी खी खा ता | टा टा | टट् ख शि | ख | तू त श | टा टि ता श चि | टु ट त त श टा ख ण | का का कु ट त त श | का टि खण् | प शा | णा णा फा खी ण | ता श यि ट | की टि ख ण | फा खु श | फि खु श | प्लि | प्ल शा |
321,बृहतिपाठः,Kandah 6,षष्ठ खण्डः,सौबभ्रवेद्वे,ती | टि त श | कुच् क टा ता श | टी यू टा | भि तच् क प प्ल प्ला | शा | ती | था ता ट त श | कीच क टा ता श | टी यू टा | भी तच | क प प्ल प्ला | शा |
322,बृहतिपाठः,Kandah 6,षष्ठ खण्डः,वैर्यश्वम्,षु ति त | टिच् ताच् क कि टा त श | टा चाक् टु खि ण श | टु च श | पि प्ला | प्ल शा |
323,बृहतिपाठः,Kandah 6,षष्ठ खण्डः,इन्द्रस्यसहस्रायुतेद्वे प्रजापतेर्वा महोविशीये,ती त | खा णा | चा काच् का या प श प्ला ता | की का य पा प्ल ता | प श ख प्ल | शा | खी प्ली | चा था का या ट श | की यू टा | टि त | टि ख शि | टीच् |
324,बृहतिपाठः,Kandah 6,षष्ठ खण्डः,इन्द्राण्यास्साम,षू ती | खि प्ल | की खि श | क कि खि श | कु कि खि श | क कि खि श | क प प्ल प्ला | शा |
325,बृहतिपाठः,Kandah 7,सप्तम खण्डः,सौभरञ्च,खा प्लू ङ शि | षु का ख षी प्लु ङ शा | टा टु कि टाट् ख शि | ख श |
326,बृहतिपाठः,Kandah 7,सप्तम खण्डः,गात्समदञ्च,फी की श | षु यी ट य ट शु | य टच् क टा त | टि खण् | प शा |
327,बृहतिपाठः,Kandah 7,सप्तम खण्डः,वाचश्चसाम,ती ति | कि कु टी त | चि टि ख णा | टि त | टि खण् | प शा |
328,बृहतिपाठः,Kandah 7,सप्तम खण्डः,बार्हदुक्थञ्च,तु ति | की टि त | च य टा टुच् चा चा | टि त | टि खाण् श | प शा |
329,बृहतिपाठः,Kandah 7,सप्तम खण्डः,नैपातिथञ्च,ती | चा या ट | यू टा | षु यु टा | क टा त | ट ख शि | ख श |
330,बृहतिपाठः,Kandah 7,सप्तम खण्डः,तौरश्रवसञ्च,पि शी | ची का का तत् | की तत् | चि का की तत् | की तत् | क प प्ल प्ला | शा |
331,बृहतिपाठः,Kandah 7,सप्तम खण्डः,त्वष्टार्याश्चसाम,खा शु | की टि त | षी की टि त | टि त | चि खण् | प शा |
332,बृहतिपाठः,Kandah 7,सप्तम खण्डः,अदितेश्चसाम,तु ति श | खी श खी ण श | षी कु टा खा शा | खि णा | पा प्ल प्ला | शा |
333,बृहतिपाठः,Kandah 7,सप्तम खण्डः,आजीक्तञ्च,टि टि च श | खी कि फ | कीच् का य प खा ता | कि यी प चा ता | प प्ला प्ला | शा |
334,बृहतिपाठः,Kandah 7,सप्तम खण्डः,माधुच्छन्दसञ्च,च क फाप्ल् खी शि | षी की ख ण | क थ टी चा क टि का फ ण श | टी का फ ण श | टि खण् श | प शा |
335,बृहतिपाठः,Kandah 8,अष्टम खण्डः,उषसश्चसाम,टिच् य ट का था टि टि | टिच् य ट का थ टी टि | टिच् य ट चू च टी टि | का टच् य ट च का टी पिण् | प शा |
336,बृहतिपाठः,Kandah 8,अष्टम खण्डः,अश्विनोश्चसाम,षी खु प्ला | षु खि प्ला | षू खू प्ला | षी खी प्ला | प्ल शा |
337,बृहतिपाठः,Kandah 8,अष्टम खण्डः,अश्विनोश्चसंयोजनम्,षी ति | की टी का ख खि ता | टि का ख खि ता | टि का ख खा ता टा खा शि | ख श |
338,बृहतिपाठः,Kandah 8,अष्टम खण्डः,अश्विनोश्चैवसाम,खा प्ली ङा श | टी का टा ट ख ता | षी कू टा ख ता | चा य ट ट ख ता | टिट् ख शि | ख श |
339,बृहतिपाठः,Kandah 8,अष्टम खण्डः,सोमसामच,ती | टिट् ख शि | टा का कि टा खा श | का ची कीच् टि त चा टी खण् | प शा |
340,बृहतिपाठः,Kandah 8,अष्टम खण्डः,आजामायवञ्च,फु की | चा था का य ट | चि क किच् का य टा | क टा त | चा क टा ख प्ल | प्ल शा |
341,बृहतिपाठः,Kandah 8,अष्टम खण्डः,समुद्रस्यच प्रैयमेधस्य साम,तू त श | कु टि त | का कू टि ता | टी त | चा टि खण् | प शा |
342,बृहतिपाठः,Kandah 8,अष्टम खण्डः,वैरूपेच,पि क | षी टू त | किच् क टा त श | टि त | का खि प्ल प्लि | शा | फि खि श | टि टा का था का | टा टा चि का का का | टा टाच् क प प्ल प्लि | शा |
343,बृहतिपाठः,Kandah 8,अष्टम खण्डः,वैश्वदेवञ्च,ति तू त | कीच् का या ट | षी किच् का य टा श | चा य ट | चा क टा ख प्ल | प्ल शा |
344,बृहतिपाठः,Kandah 8,अष्टम खण्डः,पुरीषञ्चाथर्वणम्,षु ति त | टीच् षू कि का | की का कु टि ता | का टी खण् | प शा |
345,असाविपाठः,Kandah 1,प्रथम खण्डः,प्राकर्षञ्च,ता ता खा श | की खा प्ल | ता ता खा श | की खा श | ता ता खा श | की खा प्ल | ता ता खा श | कि ख खा श | त्र |
346,असाविपाठः,Kandah 1,प्रथम खण्डः,वसिष्ठस्यचनिन्हवम्,टि टि खु प्ल त श | चू काच् क टा टा टा ख प्ल त श | ची किच् क टी टा टा खा प्ल त श | चु किच् क टा टा टा खा श त श | चु किच् क टि टि टा खा श त श | टि टि खु प्ल ख शि | ख |
347,असाविपाठः,Kandah 1,प्रथम खण्डः,गृत्समदस्ययोनिनीद्वे,ता | टी कि खा शि | कू खि शि | भि कि खा शि | भी पा खा | त्र श | च खि शृ | का ख शृ | का ख खि शि | का खा शु | क खा शृ | भु खा शि | प्ल शा |
348,असाविपाठः,Kandah 1,प्रथम खण्डः,औरूक्षयेद्वे,ती | कीच् क का टि त चा था भि | टि त की क का टि त | कुच् क ट खण् | प शा | तृ | षू कु टा त | ष की टा त | टि त कुच् क ट ख शि | ख |
349,असाविपाठः,Kandah 1,प्रथम खण्डः,पाथेद्वे,ती | खु श | षु खु श | ख श खी ण | षु तू | खि खा | त्र | त त खि ण | का खु श | त त खि ण भि खु श | त त खा ण का खू श | त त खि ण का पि खा | त्र |
350,असाविपाठः,Kandah 1,प्रथम खण्डः,सौमित्रेद्वे,ते त | टि त | का यि पा शु त त त | यु पा शी त त त | टू चा का फ श त त त | टू ता | ख श | क का पा शि | ख | षू तू त श | खि श | का यि पा शु खि प्ल त श | यु पा शी खि श त श | टू चा क फा खी प्ल ख शि | ख |
351,असाविपाठः,Kandah 1,प्रथम खण्डः,वात्सप्राणित्रीणि,टा टा टा | थी कीच् क टा टा टा | षी कीच् क टा टा टा | कीच् कीच् क टा टा टा | कि कूच् क टि टि टि | टा टा टा ख शि | ख | तु श | की की की | कि किच् क ख शे | का टिच् क ख शो | कुच् क ख शे | टूच् चा ख शे | तु श | की की | टिट् ख शि | ख | षू ति टा टा त त | कि किच् क ख शै | का किच् क ख शो | कुच् क ख शै | टू का ख शै | षू ति टा टा टट ख शि | ख |
352,असाविपाठः,Kandah 1,प्रथम खण्डः,वैदन्वतञ्च,खि श खि णा | टि खी श खि ण श | टि खि श खि ण | टि खी श खी ण | टि ता | त टाख् |
353,असाविपाठः,Kandah 1,प्रथम खण्डः,सौपर्णञ्च,ति त श | षि चु का षी कि क टा त | षी की टा त | च टि त टा पि खा | त्र |
354,असाविपाठः,Kandah 1,प्रथम खण्डः,यामञ्च,की टा था ट | षु कु कि टा था ट | की टा था ट | षु कि टि टि था ट | की टा था ट | षु कु कि टा था ट | की टा था ट | षु कु कि टा था ट | की टा था ट | टच् य टा | त कि कि टाख् |
355,असाविपाठः,Kandah 1,प्रथम खण्डः,ऋतुसामनिच,टि त | चि कि भि | टि ता | की था भि | टि त | चि क ट भी | टि त | चु कि पाण् | प प्ला | टा त टि त टि त | की ट कि खा श | की की खा श | कु कि खा प्ला | कु का खि प्ल | टा त टि त टि ख शि | त कू कू टुख् |
356,असाविपाठः,Kandah 1,प्रथम खण्डः,इन्द्रस्यवारवन्तीयम्,तू त त श | खू श | टु कि खि श | खी खु खा श | टी की खा प्ल | षू खि खा त्र | कि क खा |
357,असाविपाठः,Kandah 2,द्वितीय खण्डः,इन्द्रस्यचक्षुरपविनीद्वे,खि श खि ण | का ख खि श खि ण | का ख शा खा श खि ण | का ख खि श खि ण | टा ख शि | च टाख् | ती त | की टि चि चा | कि टी ची क | क ट कुच् क पा प्लि | प्ल शा |
358,असाविपाठः,Kandah 2,द्वितीय खण्डः,सौरश्मेद्वे,षी ची ट ख ता | का टा ख ता | चु ट ख ता | की था ट ख ता | चि चा ट ख ता | चु ट ख ता | चु ट ख ता | टाट् ख शि | च टाख् | षी तु खा त्र | प त्रा | चि चा चि चि क च का टा कि खा षू शु | तिच् |
359,असाविपाठः,Kandah 2,द्वितीय खण्डः,बृहतोमारूतस्यसामनीद्वे,क टच् क च त तच् श की की खा प्ल | टी का खी प्ल | टू कि ख श | टू कि खा श | क टच् क ट त ख शि | का टच् क ख | टाच् का ट चि क फ त श ची की खा प्ल | टि की खा प्ल | टू कि ख श | टू कि खा श | टाच् का ट चि क फ ख शि | का ख |
360,असाविपाठः,Kandah 2,द्वितीय खण्डः,सोमसामनीद्वे,ता | टु कि खि शि | टु कि खा शि | टु कि खा शा | टु पा खा | त्र | त ख प्ल त श क टी कि खि श | टु कि खा श | क टी कि खा श | त ख प्ल त | टू पि खा | त्र |
361,असाविपाठः,Kandah 2,द्वितीय खण्डः,इन्द्रस्यवज्रेद्वे,ती | चा कि कि ख | ती | का का की ख | तु | कु कि ख | तु | का की का ख | त शी खि ण | कि कि कि पा शा ङ श | खु ण | कि कि कि पा शा ङ श | खु ण | कि कि कि पा शा ङ श | खु ण | कि कि पा प्लि | प्ल शा |
362,असाविपाठः,Kandah 2,द्वितीय खण्डः,भृष्टिमतस्यस्सौर्यवर्चस्यसामनीद्वे,ता | कू टा त | चा क कु टा ता | चा टु टा त | कि टुट् ख शि | का टख् | खु ता | की की त ख | खा ता | कू कि त ख श | खा ता | षू का ख प्ल | खा ता | टुट् ख शि | खि |
363,असाविपाठः,Kandah 2,द्वितीय खण्डः,वसिष्ठस्यां कुशौद्वौ,ता | का क चि भि त | षी कि ख ण | चि खि णा | ट त भि त का टि ख प्ल | प्ल शा | ख | खू श णाफ् खि श | ख | खू श | णाफ् खि श | ख | खू श | णाफ् खा प्ला | ख प्लु शा | ख |
364,असाविपाठः,Kandah 2,द्वितीय खण्डः,भारद्वाजञ्च,षी तू | षी की टा त | षु कि टा त | भि त टा त श | का की त टा खण् श | प शा |
365,असाविपाठः,Kandah 2,द्वितीय खण्डः,वासिष्ठञ्च,कि का ट त कथ् टू खु श | क टी कि खा श | क टी कि खा श | कि का ट त कथ् टु पि खा | त्र श |
366,असाविपाठः,Kandah 2,द्वितीय खण्डः,पुरीषञ्चाथर्वणम्,षू तु | षु टी त | षी कि टा त | टि त टि च था टि खण् | प शा |
367,असाविपाठः,Kandah 3,तृतीय खण्डः,आदित्याः सामनीद्वे तार्क्ष्यसामनिवा,खि खि ख खा श | का था कि खि श | खी शा खि खा श | कु खि खा श | त्र | ती षु खि ख खा श | फा फा प्ल त श | का था कि खि श | ती क टु कि खा श | फा फा प्ल त श | कु खि खा श | त्र |
368,असाविपाठः,Kandah 3,तृतीय खण्डः,इन्द्रस्यचत्रातम्,क षी कि टा त | षु कि टा त | षू कि टा त | था चा श पी खि श | त्र |
369,असाविपाठः,Kandah 3,तृतीय खण्डः,वाक्तत्रतुरम्,ती त | की टि ता | किच् चा टि त | का टु कि ख ण | चा कि भी प शा ख प्ल | शा |
370,असाविपाठः,Kandah 3,तृतीय खण्डः,द्युतानस्य मारूतस्य सामनीद्वे,फा खा ण फ प्ल | टि टी खा श | क कि की टि टा ख ण | पी खा त्र | थाच् क कि टाच् का टख् | फा फि फा खी श | क कि क चि टि खि ण | पी खा त्र | थाच् क कि टाच् का टख् |
371,असाविपाठः,Kandah 3,तृतीय खण्डः,आत्रम्,षु खु प्ल | षी टू त | षी की टा ता | भी त भि त टा खण् | प प्ला |
372,असाविपाठः,Kandah 3,तृतीय खण्डः,गृत्समदस्यसमिधौदौ,तू | खू प्ल | कि ट टा ख शू | खू शा | कि ट टा ख शु | खू श | की ट टा ख शू | कु खा प्ल | कि ट टा ख प्ल शा | ख | ति तू | खू प्ल | की टा चि | ति तू | खू शा | की टा चि | ति तू | खू श | की टा चि | ति तू | कु खा प्ल | की टा ति ति | ख |
373,असाविपाठः,Kandah 3,तृतीय खण्डः,वैश्वामित्रम्,ता त श | क षु टू का ता | ख श | ता त श | क षि टू का ता | ख श | ता त श | क षी टु का ता | ख श | ता त श | क षी टु ती | खा श |
374,असाविपाठः,Kandah 3,तृतीय खण्डः,सावित्राणिषट्प्रैय्यमेधानिवा,त था टू कि खा प्ल | टू का खि श | टू कि खा प्ल | टु पि खा | त्र | ता क था टू कि खा प्ल | टू का खि श | टू कि खा प्ल | टु पि खा | त्र | ता क था टू कि खा प्ल | टू का खि श | टू कि खा प्ल | टु पि खा | त्र | ता क था टू कि खा प्ल | टू का खि श | टू कि खा प्ल | टु पि खा | त्र | कि की टू कि खा प्ल | टू का खि श | टू कि खा प्ल | टु पि खा | त्र | टा ख ण टू कि खा प्ल | टू का खि श | टू कि खा प्ल | टु पि खा | त्र |
375,असाविपाठः,Kandah 3,तृतीय खण्डः,कूतिवारस्यवैरूपस्यसाम,षु तू | षी टू चि क का | षी टू ची क का | षी टू चि क का | क का ट ख |
376,असाविपाठः,Kandah 3,तृतीय खण्डः,वामदेव्यम्,षु तू त | षी कि टा त | षी की टा त | षु कि टा का ता | ख श |
377,असाविपाठः,Kandah 4,चतुर्थ खण्डः,शैखण्डिनेद्वे,ता | च ता प प्ला त ता | ता च ता प प्ला त ता | ता च ता प प्ला त त श | ता च ता प प्ला प्लि श | प्ल शा | ती खु ण | यु प श | खी श खि ण | यू प शा | खी शा | खि ण श | यू पा श | खी ण श | खीणफप्ल् श | ख श |
378,असाविपाठः,Kandah 4,चतुर्थ खण्डः,उद्वंशीयन्तृतीयम्,षी तु | टू ता | टी च श टि त श | यू पा श | खि ण | टा ता | टा खा | त्र श |
379,असाविपाठः,Kandah 4,चतुर्थ खण्डः,शैखण्डिनीत्रीणि,ती | टा चा | कि टाच् चि | का ता टिच् चा शा | च टा त का टी खण् | प शा | तु | का थि टच् य ट का चा | य टच् य टच् का चा | य च य टच् का ट खण् | प शा | षू खु ण | क पा श | काथ् क ट ट था टच् चा शा | च था ट ट था ट का ट खण् | प शा |
380,असाविपाठः,Kandah 4,चतुर्थ खण्डः,आष्टादंष्ट्रेद्वे,षू ती त श | चा य टच् क क य टा टा त श | चा या टच् की टा त श | चा य टच् का टा ट टा खण् | प शा | षू खू त्र | कू टि टा ट त त | ची क क टा टा ट त त | च था कि टा टि ट खण् | प शा |
381,असाविपाठः,Kandah 4,चतुर्थ खण्डः,महावैश्वामित्रेद्वे,खु फा फा | खु फा फा | खु फा फा | ती चा टा | ती चा टि | ती का टा | ती चा टा | खु फा फा | खु फा फा | खु फा फा | फि फिप्ल् ख शा | टिच् क टा ता त प कीच् फा ता | प णुफ् ता | प णुफ् त | प णुफ् ता श | टिच् क टा ता त प फि फिप्ल् ख शा |
382,असाविपाठः,Kandah 4,चतुर्थ खण्डः,गृत्समदस्यवींकानिचत्वारिवसिष्ठस्यवाप्रियाणी,पि णा | टिट् खा शि | टी कि ता | था क टाट् ख शि | क ट टु ख | णिफ् खि शा | क कि टि खी श | का षु खा श | खी श | प्ली श | प्ल शा | फी णि फ | च का का य टा ट ट कि त त | ची क य ट ट ट कि त त | था टा ट ट कि त त | टि खण् श | प शा | पि शृ | च का य टा | की टि ख ण | टा खा श | टा खा श | प्ली श | प शा |
383,असाविपाठः,Kandah 4,चतुर्थ खण्डः,वसिष्ठस्यवींकानिचत्वारिइन्द्रस्यवाप्रियाणिआकूपाराणिवा,ति त श | च चा ट पा फीप्ल् त श | चि टा प णि फाप्ल् त श | टु कि ता | प्ला | शा | षू ता खि श | षी की कि | ख प्ला | षी की कि | ख श | षू का कि | प्ला | प्ल श | पि प्ला खि ण टा कि चु थ टि च चि श | चा टा प श ख प्ल | शा | षू फा खा श | षू टू त टा चि श | चा टा टा ट खण् | प शा |
384,असाविपाठः,Kandah 4,चतुर्थ खण्डः,तिरश्चेराङ्गिरसस्यसामनीद्वेदेवानांवादेवपुरे,का टा टा चि | क टा त टा त टा त | षी की टा त | टा खिण् | प शा | ख प्लि | क कू टा खी ण टा | टी त त श | प्ली | प्ल शा |
385,असाविपाठः,Kandah 4,चतुर्थ खण्डः,वैश्वामित्रम्,चू फा खी श | त पा श | टी त टा ख ण | की खि श | प्ली | प्ल शा |
386,असाविपाठः,Kandah 4,चतुर्थ खण्डः,काण्वेद्वे,खि श प्ली श | ता ता च खा ण | ता ता का ख ण | कि ता टि | ख शा ख प्ल | शा | षी तू त श | का कि टू त श | क कि का ख ण | कु शा | ख श | प्लि | प्ल शा |
387,असाविपाठः,Kandah 4,चतुर्थ खण्डः,वैश्वामित्रञ्च,खु प्ली | ची क य टा ख शप्ल् ख ण | किच् का य टा ख शप्ल् ख ण | भि तच् क प प्ल प्ला | शा |
388,असाविपाठः,Kandah 4,चतुर्थ खण्डः,इन्द्रस्यशुद्धाशुद्धीयेद्वे,तू त | की टा त | कु टा त | टि त च खा शि | ख | तू त | की च क टा | भी त चा खा ण | टि त च चा टि खण् | प शा |
389,असाविपाठः,Kandah 4,चतुर्थ खण्डः,गौतमस्यरयिष्ठेद्वे,कू त श | ख प्ल | षि कु टू टी श | टू टि खा प्ला | फू खा शा | फू खा शा | फू खा शा | ची क फ खा प्ल | प्ल शा |
390,असाविपाठः,Kandah 5,पञ्चम खण्डः,कौल्मलबर्हिषेद्वे,तु त श | ति त श | कि चक् टी त ता त टाच् का टा त था टिट् ख शि | टा खा | ती ति श | किच् क टि टा टाच् क षू टू च श | टि ख प्ल | प्ल शा |
391,असाविपाठः,Kandah 5,पञ्चम खण्डः,नानदन्तृतीयम्,फु ता पा प्लू ङ श | फू खा टु | क प प्ल प्ला | शा |
392,असाविपाठः,Kandah 5,पञ्चम खण्डः,शाकपूतञ्च,षी ति त | खू शा | खू णा | टि खी | त्र |
393,असाविपाठः,Kandah 5,पञ्चम खण्डः,कौल्मलबर्हिषेद्वे,षी ति त | का खा ण | षू टु टच् ख ण | का कि ख ण | टि खण् | प शा | फू खा शी | टी खा श | ख श | चि क कुच् य ट ख श | ख श | ची क कुच् य ट ख श | ख श | ची कुच् य ट ख श | ख श |
394,असाविपाठः,Kandah 5,पञ्चम खण्डः,मधुश्चुन्निधनञ्च प्राजापत्यम्,तू त | चि क टु त टा त टा ता | का था टी त टा त टा ता | टु त टा त टा ता | का टाट् ख शि | ता टाख् |
395,असाविपाठः,Kandah 5,पञ्चम खण्डः,उषसश्चसाम,षू तु | यू टा | षू ये ट | षु यी ट | षू की प प्ल प्ला | शा |
396,असाविपाठः,Kandah 5,पञ्चम खण्डः,गौतमम्,षि खी ण | का कि टू ख णा | का पा ति श | पी ण | टा ख प्ल प्ला | शा |
397,असाविपाठः,Kandah 5,पञ्चम खण्डः,अग्नेश्चदधिक्रम्,त षू तू त श | त षी टू चा श | का का टि त | टाच् य टा य टि खाण् | प शा |
398,असाविपाठः,Kandah 5,पञ्चम खण्डः,मारूतंवैश्वामित्रंवा आङ्गीरसानांवा साम मैधातिथंवा,फा खी शा | की टि त | टु का ख ण | की खि श | प्लि श | प्ल शा |
399,असाविपाठः,Kandah 6,षष्ठ खण्डः,वामदेव्यञ्च,षु तू त | का थाच् का टि ट त ट त त | यू प श ट त ट त त | भि त | क प प्ल प्ला | शा |
400,असाविपाठः,Kandah 6,षष्ठ खण्डः,काश्यपञ्च,षी ति त | ची का य पा फा फा फा ता श | भि त | टिट् ख शि | ख श |
401,असाविपाठः,Kandah 6,षष्ठ खण्डः,अग्नेर्वैश्वानरस्यसामनीद्वे,ती | टा टा | कु च य ट | क च टीच् चा | का का पि प्ल | शा | खा प्लू ङ श | टी त का ख ण | क च पी त्रा | का का पि प्ल | शा |
402,असाविपाठः,Kandah 6,षष्ठ खण्डः,शाकपूतेद्वे,टी त | टी त | टी त | टी त | टु त | टी त | टी त | चि टि खण् | प प्ला | ती श | का की टा का चा | था टा का चा | का टा | चि टि खण् | प प्ला |
403,असाविपाठः,Kandah 6,षष्ठ खण्डः,प्रैय्यमेधञ्च,षू ख प्ल | खी चा फा | खी चा क फ | क टि खि | त्र |
404,असाविपाठः,Kandah 6,षष्ठ खण्डः,बार्हदुक्थञ्च,ती | टि त | कि टी ता श | भि त का ख ण | क टा त | का टा खण् | प शा |
405,असाविपाठः,Kandah 6,षष्ठ खण्डः,वरूणान्याश्चसाम,षि ति त | टी कु टा चा श | का चू टा चा श | कू खु | त्र |
406,असाविपाठः,Kandah 6,षष्ठ खण्डः,उषसश्चसाम,खि शू | षी कि पा शी | का की टा | प श ख प्ल | शा |
407,असाविपाठः,Kandah 6,षष्ठ खण्डः,देवानाञ्चरुचिरोचनंवा,षि ती | षी चु की टि | कि टि खण् | प शा |
408,असाविपाठः,Kandah 6,षष्ठ खण्डः,ऋक्सामयोस्सामनीद्वे,तू | षु कि टि त श | की टि त | टि ता | का का टा खण् | प प्ला | खी प्ली श | चा थाच् का य ट टि श | कुच् का य ट टा | का य टा | का का टा खण् | प शा |
409,ऐन्द्रपाठः,Kandah 1,प्रथम खण्डः,त्रैशोकम्,ता त श | टि कि काच् क च | चा चि कि का चि पा ण श | कु की टा ख ण | ता त श | पि श खि ण | खि शि | खि श |
410,ऐन्द्रपाठः,Kandah 1,प्रथम खण्डः,शैखण्डिनेद्वे,ता त श | टा त टी का य ट श टा श | ता त श | टि त | टि चा य ट टा | ता त श | टा त टि कि य ट टा | ता त श | का थच् क | टि चा य ट टा | टट् | ख शि | क ति | ख | ता श | थाच् टी का य ट श टा श | का थिच् टि का य ट टा | ता श था टि कि य ट टा | ता थाच् क टि चा य ट टा | का ख प्ला श | प्ल शा |
411,ऐन्द्रपाठः,Kandah 1,प्रथम खण्डः,अत्रेर्विवर्क्तोद्वौ,चा ट चि ट | प शा | ख ण | टी का य ट श टा श | चा ट चि ट | प श ख ण | टि चा य ट टा | चा ट चि ट | प शा ख ण | टि कि य ट टा | चा ट चि ट | प श ख णा | क टि चा य ट टा | टट ख शि | त ति | चि ट तच् | चा ट चि ट | प शा | ख ण | टी का य ट श टा श | चा ट चि ट | प श ख णा | टि चा य ट टा | चा ट चि ट | प शा ख ण टि कि य ट टा | चा ट चि ट | प श ख णा | क टि चा य ट टा | टट् ख शि | त ति | चि ट तच् |
412,ऐन्द्रपाठः,Kandah 1,प्रथम खण्डः,महासावेदसेद्वे,त त | प शा | ख ण | टी का य ट श टा श | त त | प श ख णा | टि चा य ट टा | त त | प शा ख ण | टि कि य ट टा | त त | प श ख णा | क टि चा य ट टा | टट् ख शि | त ति | चा ट ख | ति | चा शा | थाच् | टी का य ट श टा श | ति | चा थि टि चा य ट टा | ति | चा श थाच् टि कि य ट टा | ति | चा थाच् क टि चा य ट टा | टट् ख शि | त ति | टा ख |
413,ऐन्द्रपाठः,Kandah 1,प्रथम खण्डः,शैरीषेद्वे,ता त त श | ख शा | फा फी खि श खि ण श | णा फि फि खि श खि ण | णा फि फी खि श खि ण | णा फि फी खि श खि णा | टट् ख शि | क ति | त का ट ख | टि त त त श | थाच् टी का य ट श टा श | टि त त त श | थिच् टि चा य ट ट | टि त त त श | थाच् टि कि य ट टा | टि त त त श | थिच् क टि चा य ट टा | टट् ख शि | क ति | चि टाख् |
414,ऐन्द्रपाठः,Kandah 1,प्रथम खण्डः,इन्द्रस्येन्द्रियाणीत्रिणि,ता त श | षु कि कि पि प्ल ङ श | चा या ट च चा टि ख प्ल ङ श | टी का चा टा खा प्ल ङ श | क या टच् क टा चि ट का ता | ताच् | षृ तू | कि ट ट त टा त | त या ट ट था टि क ट ट त टा त | टि का चा चा का ट ट ट त टा त | क या टच् क टा चा च ट का ता | ताच् | षृ तु | यि ट ट ट त चि श | चा या ट च चा टि टा ट त चि श | चा य ट का चा टा टि ट त चि श | का य टच् क टा चि ट का ता | टा ख |
415,ऐन्द्रपाठः,Kandah 1,प्रथम खण्डः,वैरूपाणित्रीणि,ती | टू टा | षी टू टा श | षु टु टा | क षि टू पा प्लु | प्ल शा | ती | का कू य टाच् | य टच् | कू टा श | य टच् य टच् ची का चा | य टच् य टाच् का कि टि खण् | प प्ला | पि षु प्लि ङ श | टी खी चा फा श | टी खी चा फा | टुच् टी प्ली | प्ल शा |
416,ऐन्द्रपाठः,Kandah 1,प्रथम खण्डः,बार्हदुक्थञ्च,तु त श | कि टि त | षु की टि त | टी टिच् टि ख णा | टाच् का टी प शा ख प्ला | शा |
417,ऐन्द्रपाठः,Kandah 1,प्रथम खण्डः,त्रासदस्यवेच,षु तू त | षु कु टा | षु कु टा | टि त टी खा शि | ताच् ख | प प्लु ङा | क टिट् प प्लु ङा | क टि प प्लु ङा | क भी प प्लु ङा | क का च श | टख् |
418,ऐन्द्रपाठः,Kandah 1,प्रथम खण्डः,सौभरेद्वे,खि प्लि ङ श | चा टा | ता ता चू का पा प्ल त श | ची कीच् श कि प प्ल त श | षू कू टा खा शि | ख श | खा प्लि ङा | टि ता | ता चि चि का या ट श | षू चा का च य ट | किच् का टूट् ख शि | ख श |
419,ऐन्द्रपाठः,Kandah 1,प्रथम खण्डः,वरूणसामनीद्वे द्यावापृथिव्योर्वासामनी,षू ती ति | षु कू च | षू की चि | की च कि टि कि ता | का कु कि ख | णा फा खी शू | षू टू च श | षी की टि च श | टि ता | कि चि कि ता | त का कु कि ख |
420,ऐन्द्रपाठः,Kandah 1,प्रथम खण्डः,इन्द्रस्यचश्येनः,तू ता श | टा का ता टि | ख श | टी टी पि श | कि ता भी | त ख | क यू टा पि श | टि ता टि | त का ख |
421,ऐन्द्रपाठः,Kandah 1,प्रथम खण्डः,वैरूपम्,खि शि खी चा फा | टा ख ण | चि कि टु खि ण | कि का खा णा | का खि श | षु प्लि प्लि श | श |
422,ऐन्द्रपाठः,Kandah 2,द्वितीय खण्डः,यामम्,फू ता प श्रू | की टि त | चा काच् क टा त | चा या ट का टि खण् | प शा |
423,ऐन्द्रपाठः,Kandah 2,द्वितीय खण्डः,गृत्समदस्यमदौद्वौ,ती | टि त | की च टा त | कु टा त | कि कि का चा य टच् चि कच् क प्ला शा | फी की | की टि ख | खी श खि ण | कि कि क कि टि की टि खण् | प शा |
424,ऐन्द्रपाठः,Kandah 2,द्वितीय खण्डः,आभीशवेद्वे,ती | खि शा | की खि प्ल | खू शा | षी खि शी | पु प्ल प्लि | शा | फी की श | की का य प षु शु | क टुच् ख | शी | पु प्ल प्लि | शा |
425,ऐन्द्रपाठः,Kandah 2,द्वितीय खण्डः,आभीकेद्वे,फी की श | कि च टा का श टिच् क ट ख | टु का श टिच् क ट ख | क कि टा का श टिच् क ट ख | यी प श | ख प्ला | शा | षू तू | चा य ट | का टि टि का ख ण श | टा चा श | यी प श | ख प्ला | शा |
426,ऐन्द्रपाठः,Kandah 2,द्वितीय खण्डः,बार्हगिराणित्रीणी,तिप् ता | टू ख णा | टा ता तट् खा शी | की टू त श | टा ता तट् खा शी | टू ता तट् खा प्ल प्लि | शा | खा प्ली ङ शा | की का य प फि त त | कु ट पा क कि का य प फि त त | यी प श ख प्ला | शा | फा खा प्ली ङ शा | कीच् का य प फि त त | कु ट पा फि त त | क कू था टा | य प श पि प्ला | प्ल शा |
427,ऐन्द्रपाठः,Kandah 2,द्वितीय खण्डः,इन्द्रस्यचस्वाराज्यम्,षी ती त | कुच् का का य ट | कुच् का य ट | कीच् का य ट का टि खण् | प शा |
428,ऐन्द्रपाठः,Kandah 2,द्वितीय खण्डः,कश्यपस्यचधृष्णुम्,टिच् क कु ट त | टाच् षि टु त | टिच् षी टि त | टाच् षी टि त | टा टा का टि खण् | प शा |
429,ऐन्द्रपाठः,Kandah 2,द्वितीय खण्डः,वैदन्वतम्,फी शा का | कीच का या ट | क टु ख ण | क टु खा ण | ता ता टि खण् | प शा |
430,ऐन्द्रपाठः,Kandah 2,द्वितीय खण्डः,यामेद्वे,ची क फ ता प शु | का कू भि त | की टि त टाट् ख शि | ख श | षू ति खा त्र | क टि प्ला खा ता | का की चि य पा खा ता टा ख शि | ख श |
431,ऐन्द्रपाठः,Kandah 2,द्वितीय खण्डः,त्रैतानित्रीणि,क कुच् क कु | क कुच् | क षु किच् का | क कूच् | कूच् क कि कू | का ट खण् श | प शा | ती | त पा श | कीच् क ट चा ता | टाच् का का कू पी ण श | टू कथ् टि खण् श | प शा | खी श प्लि | कीच् यी टा | टाच् का का षी कि टि | टू कथ् टि खण् श | प शा |
432,ऐन्द्रपाठः,Kandah 2,द्वितीय खण्डः,सौपर्णेद्वे,तू | कूच् टि ता | टा च श का का शा कु टि | टू कथ् टि ख शि | खा श | षू तु | का का टू का ख ति श | षू टी का ख ति श | षु टी का ख ति श | षू टि का ख खि त्र | खा श |
433,ऐन्द्रपाठः,Kandah 2,द्वितीय खण्डः,लौशम्,प प्लु ङ श | क कि टि त | भि त टा ख ण | भी का खा ण | भी त | प श | ख प्ला | शा |
434,ऐन्द्रपाठः,Kandah 3,तृतीय खण्डः,इन्द्रस्यसञ्चयेद्वे सेनुदेवा वामदेव्येवा,प प्लू ङ श | तीच् क ट च ता | भि त श का ख ण | की टा चा ता | टि त | प श ख प्ल | शा | फू खा प्ली ख प्ली | षृ तू श | ट खा ण | टि श प श | प श ख प्ल | शा |
435,ऐन्द्रपाठः,Kandah 3,तृतीय खण्डः,अङ्गिरसान्निवेष्टौद्वौ,फि त त | षी किख् | फि त त | षी कीख् | फि त त | क थाच् क की खि ण श | फि त त | कु कीख् | फि त त | च खि | का कु ती त श | षी का का ती त श | क थाच् क की ती त श | खि ण श | ती त श | षु की ती त श | ट खा शि | ख श |
436,ऐन्द्रपाठः,Kandah 3,तृतीय खण्डः,सत्यश्रवसोवार्यश्चसाम,खा षी प्लि ङ श | कीच् क टा त | भि त का ख ण | भि त टा खण् श | भि त | प श ख प्ल | शा |
437,ऐन्द्रपाठः,Kandah 3,तृतीय खण्डः,उषसश्चसाम,पि शु | टा की ख ण | च था का टि खि ण श | टा टाच् क टुट् खा शि | ख श |
438,ऐन्द्रपाठः,Kandah 3,तृतीय खण्डः,लौशञ्च,षी ती त | चा थाच् का या ट | ता ता का ख ण | ची का य ट श | भि तच् | क प प्ल प्ला | शा |
439,ऐन्द्रपाठः,Kandah 3,तृतीय खण्डः,यामञ्च,फा फी खा ण फ श | क चि का य टा | कि टि ख ण | क कु ख ण | भि त टाट् ख शि | ख श |
440,ऐन्द्रपाठः,Kandah 3,तृतीय खण्डः,अङ्गिरसाञ्चैवनिवेष्टः,खी प्ली | टी टा ख ण | टी टा ख ण | टी टा ख णा | टी खा ण श | प श ख प्ल | शा |
441,ऐन्द्रपाठः,Kandah 3,तृतीय खण्डः,गौरयश्चाङ्गिरसस्यसाम,षू तू त श | की कु टि त श | की की टी त श | की टि ख त्र | थ टा ख |
442,ऐन्द्रपाठः,Kandah 4,चतुर्थ खण्डः,वसिष्ठस्यसङ्क्रमौद्वौसौहविषाणित्रीणि सर्वाणिवासौहविषाणि,तु | यू प ण श चि क पा ण श | प प्ल | शा | तु | टू त ट त श | टू ट त ट त श | खा शि | ता ख | ता च श खा श | ता च खा श | ता च श खा श | ता च श खा श | षु टा ख खि त्र | त खि | त ची टि ख प्ला त त श | त क कथ् कि ट ख प्ला त त श | त कि थच् का ट ख प्ला त त श | त त का थाच् का ट ख प्ला त खण् श | प शा | ती | कु का कु | कि कू टा का खि श | प्लि श | श |
443,ऐन्द्रपाठः,Kandah 4,चतुर्थ खण्डः,वाकानित्रीणि,षि ती | की की टीच् क यू टा | टा भि क | भि ट खिण् श | प प्ला | ति | टी का ख ण श | षु चा कि प श | चा या पा श च | ख प्ल | शा | ती | षे कू टि ता ट त | षु की प प्लि | शा |
444,ऐन्द्रपाठः,Kandah 4,चतुर्थ खण्डः,प्रजापतेर्धर्मविधर्माणिचत्वारि,तु | च क कि टू खा शि | टा ख | कु था ट ख शि | ची चि चि का टि काच् क ट ख | कु था ट ख शि | त ट ख | कु था ट ख शि | कू चि का चि ट कि ख | कु था ट ख शि | त का ख | तु | क थ टि कु खा शि | ता ख |
445,ऐन्द्रपाठः,Kandah 4,चतुर्थ खण्डः,भागञ्च,तु | ट कि कि टा त श | टट् ख शि | ता टख् |
446,ऐन्द्रपाठः,Kandah 4,चतुर्थ खण्डः,वाजिनाञ्चसाम,ति | कि कि चि कीच् का ट खी ण | चा टा टाच् क षु कि च | टाच् क टा ख प्ल | प्ल शा |
447,ऐन्द्रपाठः,Kandah 4,चतुर्थ खण्डः,प्रजापतेर्हिकनिकविकानित्रीणि,ती | ची टाच् टूट् ख शि | त टख् | णाफ् खा प्ल | णाफ् ख प्लि | टूट् ख शि | ता ख | था टा क ख शि | टा क ख शी | टा क ख शि | टा क ख प्ल | प्ल शा |
448,ऐन्द्रपाठः,Kandah 4,चतुर्थ खण्डः,आश्वेद्वे,तु | था कूच् क टा | टा क च टाट् ख शि | टा ख | फा फ खि श | था कूच् क टा | था च श चा टाट् ख शि | तच् क ट ख |
449,ऐन्द्रपाठः,Kandah 4,चतुर्थ खण्डः,वाजिनाञ्चसाम,क पा ण | षि टु | च टु त श | टा खा त्र | क टाख् |
450,ऐन्द्रपाठः,Kandah 4,चतुर्थ खण्डः,आदित्यानाञ्चपवित्रम्,तु | णाफ् खा प्ल | टि टि खाप्ल् शा |
451,ऐन्द्रपाठः,Kandah 5,पञ्चम खण्डः,इन्द्रस्यक्रोशानुक्रोशेद्वे,ता | कु टि सट् षी चु | चा या ट त पा श | टा खाण् | प शा | ता की च श षृ चू | चा या ट क चि | फि | ख |
452,ऐन्द्रपाठः,Kandah 5,पञ्चम खण्डः,कौत्सन्तृतीयम्,षु ता त | टा की चा का टा क चि | टु | टा खाण् | प शा |
453,ऐन्द्रपाठः,Kandah 5,पञ्चम खण्डः,प्रहितोःसंयोजनेद्वे,ण फ खी शा | टू टा | टाच् कि टि त | टिट् ख शि | ख प्ल | ण फ ची शि | टू टा | टीच् कुच् का य ट | कि ख ताच् क टा त | ट खा शि | खि |
454,ऐन्द्रपाठः,Kandah 5,पञ्चम खण्डः,दैवोदासेद्वे,तू | का भि श खि ण | का भि खि ताच् क पा फ ण श | खि त्र | ख श | फा णाफप्ल् खी प्लि | भि त भि त टा ख ण | भि तच् श भी त | भि त टा ख ण | की तच् टृ त त टा खा श | ख |
455,ऐन्द्रपाठः,Kandah 5,पञ्चम खण्डः,हारिवर्णानिचत्वारि,टू चा | टूच क च श | षु टा ता ट त ट खण् | प शा | षी ती त | कि ख यी शा | कि ख शु | क प प्ल प्ला | शा | ण फप्ल् खी प्लु | टि यी टा | षु यी टच् क पा प्ला | प्ल शा | फी की श | कु टा त टा त श | टि त टा त श | टिट् खा शि | च टिख् |
456,ऐन्द्रपाठः,Kandah 5,पञ्चम खण्डः,त्रैतानिचत्वारि,च य ट ख श | खी कि फ श | च य ट ख श | खी कि फ श | च य ट ख श | खी कि फ श | च य ट ख त्र | टि ख | षु ता | टट् ख शि | ख श | टा का चा का टू टि श | टा टा खि शा | षु ता त श | षी ची श | चू पा ण श | टट् ख शि | त टाख | फी कु श | टा च चा का टि त | टा ख ण श | तट् ख शि | ख प्ल |
457,ऐन्द्रपाठः,Kandah 5,पञ्चम खण्डः,सराधसःप्रराधस्यश्चाङ्गिरसयोस्सामानित्रीणि,फा फा खा खा श | क टू ख ण | क षी टि खा ण श | खि | त्र | पु की | भि टि भि | यि टा च चि श | टाच् टा ख प्ल | प्ल शा | फि फा खा शा | टा चा कि टि त | यी प श | टि ख प्ल | प्ल शा |
458,ऐन्द्रपाठः,Kandah 5,पञ्चम खण्डः,वैश्वमनसम्,तू त | काच् टा खणफप्ल् | षु चि | टी टि | ख शि | ख |
459,ऐन्द्रपाठः,Kandah 5,पञ्चम खण्डः,सौमित्राणित्रीणि,ती | कि चि टा का चा टीच् क टाट् खा शि | च टिख् | खा प्ली ङ श | किच् टा खाणफप्ल् श | ख श | थ टिच् टी टिट् ख शि | ख श | क की ख त्र | टाच् क टि क टि चा क का श | थ टि ची टि | क की ख त्र | त च टिख् |
460,ऐन्द्रपाठः,Kandah 5,पञ्चम खण्डः,त्रैककूभानित्रीणि,ख प्ल ख खी ण श | च टि त का ख ण श | कि टी खि ण | कि टाट् ख शि | ख प्ल | तू त श | षु टि तच् चा शि | भि त क कि टि | ख प्ल | क टा ख प्ल | प्ल शा | षी ति त श | पु शा | त त श | कि ची का | यी चि श | त त | कि टाट् ख शि | ख प्ल |
461,ऐन्द्रपाठः,Kandah 5,पञ्चम खण्डः,औक्षोरन्धराणित्रीणिऔक्षोनिधनानिवा,ती त श | खा शी | खा शी | टॄ त श | टी तच् क टाट् ख शि | ख श | षे तू त | टि त टा त श | चि प प्ला ङ श | त टा त च टाट् ख शि | ख | फ णि फि ख श प्लू ट ङ श | चि का कि ख प्ल त च का कि ख प्ल त च टि ता ता त कथ् टि ता ता त त ख शि | खा श |
462,ऐन्द्रपाठः,Kandah 6,षष्ठ खण्डः,इन्द्राण्यास्सामनीद्वेइन्द्रस्यवासांवर्क्ते संवर्तस्यवाङ्गीरसस्य,ति | क टा ख | की टा खा ति श | ति टाट् ख शि | ख प्ल | फि णि श | की या ट ता त श | टी ता त श | टि ख शि | ती |
463,ऐन्द्रपाठः,Kandah 6,षष्ठ खण्डः,दैवोदासानिचत्वारि,ता प ता प प्ला त त श | ता क ता प प्ला त त श | ता क ता प प्ल ता त श | ता क ता प प्ल | ख श | फी की श | षी कूच् क ख ति त श | ट ख शि | ख श | खी प्ली श | टाच् क षि कीच् क ख ति त श | का टाट् खा शि | ख श | फ प्ला खू प्लि | षी ची भि ख खी शि | ख प्ल खा शा |
464,ऐन्द्रपाठः,Kandah 6,षष्ठ खण्डः,रेवञ्च,ती श | खी ण श | टा का खि ण | षु टि खा शू | टा ट खि शि | ख प्ल |
465,ऐन्द्रपाठः,Kandah 6,षष्ठ खण्डः,आक्षारञ्च,खी | खा चि णा | चा था का ट ख चि ता का चा चा फ | ख श |
466,ऐन्द्रपाठः,Kandah 6,षष्ठ खण्डः,रेवञ्चैव,फु शि का | चा टाच् का ची ट थच् का ट त श | कि टि का ता | ख प्ल ख खि शा |
467,ऐन्द्रपाठः,Kandah 6,षष्ठ खण्डः,आक्षारञ्चैव,ती | टा ख ण | षी कि चा श | टि ख ण | की च क फ | ख श |
468,ऐन्द्रपाठः,Kandah 6,षष्ठ खण्डः,यामम्,षी खि ण | का खा ण | चा टि टा टी | खि | त्र |
469,ऐन्द्रपाठः,Kandah 6,षष्ठ खण्डः,भारद्वाजस्यशुन्ध्यु,षि ती | की का कि का का कि टा ख | त्रा |
470,ऐन्द्रपाठः,Kandah 6,षष्ठ खण्डः,आदित्यानाञ्चापामीवम्,तू | षु का टा त | टा टाच् क षी कि प प्ल प्ला | प्ल शा |
471,ऐन्द्रपाठः,Kandah 6,षष्ठ खण्डः,वसिष्ठस्यचवैराजे,ता | षु टि क कू ट त | ट त टि त टाट् ख शि | तच् टाख् | ती | षु कि चि क यू टा टा | क की कि कि टट् ख शि | ख |
472,ऐन्द्रपाठः,Kandah 7,सप्तम खण्डः,इन्द्रस्याभ्रातृव्यम्,फी की | कूच् क टा खाणफप्ल् | ख श चा क कु ताच् |
473,ऐन्द्रपाठः,Kandah 7,सप्तम खण्डः,शार्करेद्वे,ता त श | टू त श | टू त श | षी टी त श | षि टी त श | टि खण् श | प शा | णाफ् खी शा | यू प श | कू खा कि फ श | च खि कि फा श | टि ट खी | त्र श |
474,ऐन्द्रपाठः,Kandah 7,सप्तम खण्डः,बृहत्कम्,ति | तच् क टा त | का का चा था च य टा | भि त | प्लि प्ला | शा |
475,ऐन्द्रपाठः,Kandah 7,सप्तम खण्डः,सौयवसानिचत्वारिपुनरींळवातृतीयम्,ति | षी टि त श | कि का य पा ति | टिट् ख शि | ख श | ती | त पि श | की कि टि खि ण श | प णा श | टी त पा प्लि शि | प्ल श | तू त श | चा य ट ची टि ख ण श | की का की प प्ल | ख शप्ल् ख ण | ती | की या टा का का या पा ति श | पी प्ल | ख प्ल |
476,ऐन्द्रपाठः,Kandah 7,सप्तम खण्डः,मरुताञ्चसंवेशीयंककूभंवा,तु ति | षु टू च श | कि पा श टि ख प्ल | प्ल शा |
477,ऐन्द्रपाठः,Kandah 7,सप्तम खण्डः,इन्द्रस्याभरेद्वे,ति | टा त | चा था टीच् क खा ण श | क भि त श | ट ख शि | ख श | ती | टा त | चा था टी खि ण श | क टा त काच् क पा प्ल | प्ल शा |
478,ऐन्द्रपाठः,Kandah 7,सप्तम खण्डः,ऐषिराणित्रीणि,ती | टि त | कि तच् का ट त श क टा त श | का टा त | पा प्लु | प्ल शा | तू त | की या टा चा य टा श | च य टाच् क प प्ल प्ला | शा | षी ति त | चि य ट टि चा खा ण श | टा त टा त ट ख शि | चा टाख् |
479,ऐन्द्रपाठः,Kandah 7,सप्तम खण्डः,प्रजापतेस्सीदन्तीयेद्वे,प प्लू ङ श | क कि काच् क पि प्ला ता | ची कि फ ख | फू ता प प्ली ङा | ता त श प श | ता त श पा श ति प श प्ली | श |
480,ऐन्द्रपाठः,Kandah 7,सप्तम खण्डः,पथस्यसौभरस्यसामनीद्वे,णाफ् खी शा | क कूच का य पा | ती प श प्ख प्ला | शा | षो तू त | त चि प श | त टू | त ची प प्लु श | श |
481,ऐन्द्रपाठः,Kandah 8,अष्टम खण्डः,वसिष्ठस्याभरेद्वे,ति त श | क थ कि ता खा ण | कि ट त | टा का चा श | टा खी श | तीच् | षु तु | का ट त | टा का चा श | टि ख प्ल | प्ल शा |
482,ऐन्द्रपाठः,Kandah 8,अष्टम खण्डः,वासुमन्देद्वे,ता | का ता टि | त ता ख | ट ता क ति टि | त ता ख | ती | टाच् टाच् क कू कि | टि टि क कि का कि | टि ख प्ल | प्ल शा |
483,ऐन्द्रपाठः,Kandah 8,अष्टम खण्डः,कावर्षाणित्रीणि,ती | का ट चि | टि त श त त प श टि ख प्ल | प्ल शा | ट ख ख ण | क पि श खि | ट ख ख ण | क पि श खि श | ट ख ख ण | त टिख् | थ कु चि | था की कि टि | ख श |
484,ऐन्द्रपाठः,Kandah 8,अष्टम खण्डः,प्रजापतेःश्योकानुश्योकानित्रीणि,तु | टि का कि टा ख ण | टाच् चा की खा त्र | ख प्ल | तू | टूच क टा ख ण | चि ट की पा त्र | तच् क टाख् | तु | चा टि त | की की च य प शु | चा टि त | का का कि पी शु | चा टि ख शि | चा टख् |
485,ऐन्द्रपाठः,Kandah 8,अष्टम खण्डः,वाचस्सामनीद्वे,ची क फ की प ति श | षू कू खि शा | ता | कु टी खा त्र | टि पा प्ल | ख प्ल |
486,ऐन्द्रपाठः,Kandah 8,अष्टम खण्डः,मरुताञ्चसाम्,ति | टा च शा | की च य टा | टा खि शा |
487,ऐन्द्रपाठः,Kandah 8,अष्टम खण्डः,वैश्वामित्रञ्च,षे ती त | षु कू टा ता | कु टाच् य टा | ख श |
488,ऐन्द्रपाठः,Kandah 8,अष्टम खण्डः,मारूतञ्चैव,ती | की टा त | टा चा श | क कु का ता | ख श |
489,ऐन्द्रपाठः,Kandah 8,अष्टम खण्डः,उद्वंशपुत्रञ्च,ता षी टु त | यू प श | कि कि | टि ख | त्र श |
490,ऐन्द्रपाठः,Kandah 9,नवम खण्डः,धुरश्शम्येद्वे,ति | टी ता ट त टट् ख शि | टि ख | ती | षि टी टि त | टिट् ख शि | तच् टि ख |
491,ऐन्द्रपाठः,Kandah 9,नवम खण्डः,प्रजापतेर्गूर्दः,त त श | पा श खि प्ल | कू खा | पी प्ला प्लि | शा |
492,ऐन्द्रपाठः,Kandah 9,नवम खण्डः,विश्वामित्रस्यचार्दः,तू श | त कि टि | ख श खी ण | टीख् |
493,ऐन्द्रपाठः,Kandah 9,नवम खण्डः,प्रजापतेश्चैवगूर्दः,खी प्ली | षी की की खा प्ल प्ला | शा |
494,ऐन्द्रपाठः,Kandah 9,नवम खण्डः,विश्वामित्रस्यचैवात्यर्दः,खू प्लु | टा था टच् य टि खाणफप्ल् | ख प्ल |
495,ऐन्द्रपाठः,Kandah 9,नवम खण्डः,प्रजापतेस्सन्तनीकेद्वे,ता | षि टी त टट् ख शि | टा ख | तु | टी त टट् ख शि | तच् टा ख |
496,ऐन्द्रपाठः,Kandah 9,नवम खण्डः,प्रजापतेर्धनधर्मेद्वे,ति | कि टी ति | क टाट् ख शि | ख श | तू | टि ती त श | टाच् क का टिट् ख शि | ख श |
497,ऐन्द्रपाठः,Kandah 9,नवम खण्डः,उषसश्चसाम,ती | क खा ण | टा क टि ख ण | टट् ख शि | त ट ख |
498,ऐन्द्रपाठः,Kandah 9,नवम खण्डः,वैश्वामित्रञ्च,तु ता | क टा का ता | ख श | थ कु ता | ख श | का टट् ख शि | ख प्ल |
499,ऐन्द्रपाठः,Kandah 9,नवम खण्डः,भारद्वाजञ्च,ता | कू टि ता | षू खू ता | ख श |
500,ऐन्द्रपाठः,Kandah 9,नवम खण्डः,इन्द्रस्यचरातिः,ती | टा टा का चा | टि टाच् क प प्ल प्ला | शा |
501,ऐन्द्रपाठः,Kandah 9,नवम खण्डः,भारद्वाजञ्चैव,ती | किच् चा खा श | कि चा टा क टाट् खा शि | का टख् |
502,ऐन्द्रपाठः,Kandah 9,नवम खण्डः,इन्द्रस्यचवैराजे,खा प्ली शा | ख शा | टाच् य टा चा | काच् ती | ख शा |
503,ऐन्द्रपाठः,Kandah 10,दशम खण्डः,प्रजापतेर्वाजसनी,चा क फ टी चि का क फ क फ खि ण | कू चा क फ चा क फ खि ण | चि कि चा क फ कि फ खि णा | टि का च टू क थ श | ख |
504,ऐन्द्रपाठः,Kandah 10,दशम खण्डः,गौराङ्गीरसस्यसामनीद्वे,ती त श | खि ण | की की खि श | टू का चि या ट | ता का | ख प्लि ता | कि टि त | खि शि | ख | षु ता त | षी की टि त | टू चा चि या ट | का टा क कि कु टि त | का का टट् ख शि | ख |
505,ऐन्द्रपाठः,Kandah 10,दशम खण्डः,प्रयस्वच्चप्राजापत्यम्,तू | टा ख ण | की कू खा ण श | भि त क खा ण श | षु ती | टी कथ् की कू ख ण श | भि त | प श ख प्ल | शा |
506,ऐन्द्रपाठः,Kandah 10,दशम खण्डः,अक्षय्यञ्चरेवत्,षू तु | ख श | षू टी खा ण | टा ट खा श | षु टि ख ण | कि ट | की खी श | ता ट ख शि | ख श |
507,ऐन्द्रपाठः,Kandah 10,दशम खण्डः,सवितुश्चसाम,षृ तू त श | पा ण पि ण | क का पा शा खि श खि ण | पि ण पि ण | क का पा शा खि ण खि ण | पि ण पि ण | क का पा शा खि श खि ण | चि ण | का पा शि | तच् क ट ख |
508,ऐन्द्रपाठः,Kandah 10,दशम खण्डः,वाक्त्रतुरञ्च,प श प्ला ङि श | टुच् क पि चा क फ चि क फ | टीच् क पि चा क फ चा क फ | टु पा चि क फ चा क फ खि ण श | प्लु श | श |
509,ऐन्द्रपाठः,Kandah 10,दशम खण्डः,ऐषञ्च,ति त | षी की का त त | कुच् क टि खि ण श | भि त टा ख ण श | टू ख ण श | क टु ख ण श | षी कू टा का त त | टि टा का त त | क प प्ल प्ला | शा |
510,ऐन्द्रपाठः,Kandah 10,दशम खण्डः,यामम्मरूताञ्चसाम,प षू प्ली ङ शा | ती टी त था खि ण | च य टा च य टा श का ख ण श | का था की भी त | टट् ख शि | ख श |
511,ऐन्द्रपाठः,Kandah 10,दशम खण्डः,भारद्वाजस्यविषमाणित्रीणि इन्वकंवातृतीयम्,ता | कु खा श | षी पी कि प्ल | का टाट् ख शि | ख प्ल | फा खी श | का टी ता | कु ता त श | टा ख ण | टा खी | त्र श | की थि प शू | चा का का य टा | का टा ख शू टाच् क च श | टी का ख शू | क कि यि ट | भि त | प शा ख प्ल | शा |
512,ऐन्द्रपाठः,Kandah 10,दशम खण्डः,पारूच्छेपेद्वे,ती | क था क ता त | का ख ण | का था च य टा | ती त त टा ख ण | ची क भि | ती त त चा ख ण | ता त त | टि तू त त | टू ता त त | ट खा शि | ख श | कु था च शू | का था च य टा | ची च य टा | ची भी | का था च य टा | ता चू का य टा | टि त | प श ख प्ला | शा |
513,ऐन्द्रपाठः,Kandah 10,दशम खण्डः,बार्हस्पत्येद्वेअग्नेर्वाराक्षोघ्ने,खी प्ल खी प्ल खी ण | टुच् कीख् की खा चा क फ | की की ख चा क फ | चा खा चा क फ | चा खा चा क फ | क ख चा क फ | का कि खी चा क फ | कि ख चा क फ | खी प्ल खी प्ल खी ण | टुच् कीख् त्रा श | त का खू | त का खू | त का खू | खा श फि प्ल खि शा | की खा चा क फ | की की ख चा क फ | चा खा चा क फ | चा खा चा क फ | क ख चा क फ | का कि खी चा क फ | कि ख चा क फ | खा श फि प्ल खि शि | त का कूख् | त का कूख् | त का कूख् |
514,पवमानपाठः,Kandah 1,प्रथम खण्डः,आजीकञ्च,ता | था च य टा | षु का टि त | टट् ख शि | खा प्ल |
515,पवमानपाठः,Kandah 1,प्रथम खण्डः,आभीकञ्च,पि ण | पि ण | पी ण | चा शा पि ण | टीट् ख शि | ख श |
516,पवमानपाठः,Kandah 1,प्रथम खण्डः,ऋषभश्पपवमानः,तू | त त टि ख ण | यू प श | खि ण | च ट खा प्ल प्ला शा |
517,पवमानपाठः,Kandah 1,प्रथम खण्डः,आभीकञ्चैव,प शिप्ल् ङी श | यू प श | खि ण | टा खी प्ल शा |
518,पवमानपाठः,Kandah 1,प्रथम खण्डः,बाभ्रवेद्वे,ती | टी कि | कुच् का य ट कि | चा य ट कि | टट् ख शि | ता टख् | ती | टि त | की टि त श | टा त टि त श | का टिट् ख शि | ख प्ल |
519,पवमानपाठः,Kandah 1,प्रथम खण्डः,इन्द्राण्यास्साम,तू | टा कि | कु का य ट कि | चा य ट कि | टीट् ख शि | खा श |
520,पवमानपाठः,Kandah 1,प्रथम खण्डः,शैशवेद्वे,षी ति त | षु का पि ण | खी त्र | षी ति त | टु था टि त | टा था टच् य टि था | टच् य टाच् क खा त्र | ख |
521,पवमानपाठः,Kandah 1,प्रथम खण्डः,प्रजापतेदोर्होदोहीयेद्वे,खा ता | टा खाणफप्ल् | ख श | षु का थ टि त | चा का ट ख प्ल | प्ल शा | षी तु ति त त | षु का ट त टा त त | टि त ट त टा त त | टि खण् | प शा |
522,पवमानपाठः,Kandah 1,प्रथम खण्डः,इन्द्राण्याश्चैवसाम,णा णाफ् खा शा | पी ण ट टा ट त ट त टी च श | टि त ट त ट त टी च श | चा टाट् ख शि | खि |
523,पवमानपाठः,Kandah 1,प्रथम खण्डः,आमहीयवञ्च,खि शू | चा या ट टा ता श | चा क च | क ट कि खा | त ख |
524,पवमानपाठः,Kandah 1,प्रथम खण्डः,आजीकञ्च,कु कु | की टि त | की | टी खण् | प शा |
525,पवमानपाठः,Kandah 1,प्रथम खण्डः,सूरूपेद्वे,थ टि टा की टा | च टि टा की टा | था टा टा चा | टी खण् | प प्ला | थ कु का टी | च कु की टा | चा की चा | टी खण् | प शा |
526,पवमानपाठः,Kandah 1,प्रथम खण्डः,जमदग्नेश्शिल्पेद्वे,खि ण | का था टा खा श | कीच् का टा खा श | ट ख शि | तीच् | खु ण | का या टा खा श | की चा खा शृ | टट् ख शि | ख प्ल |
527,पवमानपाठः,Kandah 1,प्रथम खण्डः,संहितञ्च,ता ति ती | टा ख श ती | क खा शी प्ला प्लि श | श |
528,पवमानपाठः,Kandah 1,प्रथम खण्डः,वसिष्ठस्यशकूनः,षौ तू ता | टा ट च क ट खी शि | ख प्ल |
529,पवमानपाठः,Kandah 1,प्रथम खण्डः,जमदग्नेश्चगम्भीरम्,कु ता त त श | कु ख श खि ण | कु ता त त श | क कि ख श खा ण | कु ता त त श | क कि ख श खा ण | कु ता त त श | क कि खा श खि ण | कु ता त ख शि | ख |
530,पवमानपाठः,Kandah 1,प्रथम खण्डः,संहितञ्चैव,तू ति | टा ट त टा च श | ट ता ट टि ति | ख प्ल |
531,पवमानपाठः,Kandah 1,प्रथम खण्डः,सोमसामनीद्वे,ती | का टाच् क ट टू त | टीट् ख शि | टि ख | ता त श | ख श खि ण | ख प्ल ख श खी ण | किच् का टट् ख शि | ख श |
532,पवमानपाठः,Kandah 1,प्रथम खण्डः,आशुभार्गवंतृतीयम्,षु ता त | टी चा खा ण | चा य ट ता प प्ल | शा |
533,पवमानपाठः,Kandah 1,प्रथम खण्डः,वैश्वदेवेद्वे,ती | टिच् य ट थ टि त | टी त श चा य प शौ | णाफ् ख शि | की टा खा | खु णा | टा खा क शा | पा क था | यी प श | टच् य ट खा त्र | चा काच् क टा ख |
534,पवमानपाठः,Kandah 1,प्रथम खण्डः,इन्द्रसामनीद्वे,टी टि त | टी टि त | टी टि त टी टि त | टी टि त | टी टि खण् | प शा | टी खी श | टी खी श | टी खी श | टी खी श | टी खी श | टी ची प्ल | प्ल शा |
535,पवमानपाठः,Kandah 1,प्रथम खण्डः,यौक्ताश्वेद्वे,ता त ती | क टु च क ख ण श | टि क खा ण | ता त ती | टा ख श खा शि | खी | ती त त श | क टु टा ख ण श | ताच् का खा ण | ती त त श | टा ख श ट ख शि | खि श |
536,पवमानपाठः,Kandah 1,प्रथम खण्डः,भासञ्च,ता श | टी खा श | ख शी | टी खा श | ख शी | टु खा श | ख श |
537,पवमानपाठः,Kandah 1,प्रथम खण्डः,सोमसामच,ती | ता ति टु ता ता | की खा शा | प्ला शा | प्ल शा |
538,पवमानपाठः,Kandah 1,प्रथम खण्डः,प्रजापतेश्चसहोरयिष्ठीयम्,ता खि ण | टु खा श खि श त श | की का टि खा श खि श त श | टु खा श खि श त श | टट् ख शि | ता च टाख् |
539,पवमानपाठः,Kandah 1,प्रथम खण्डः,मादिलम्,खी श प्ला | यि ट | कि का टा क था टा | चि ट खा शि | तीच् |
540,पवमानपाठः,Kandah 1,प्रथम खण्डः,सोमसामचैव,पी शु | की च का य ट | टि टि क प प्ल प्ला | शा |
541,पवमानपाठः,Kandah 1,प्रथम खण्डः,प्रजपतेश्चैवसहोरयिष्ठीयंसोमसामवा,तू त | क षि की पि ण श | का का का का | खा श |
542,पवमानपाठः,Kandah 1,प्रथम खण्डः,वैष्टम्भेद्वे,ती | चा ता भी | ख शु | का ति भी | ख शु चा ति ट | ख श | ती | पी श | यू पा श | खी ण श | टट ख शि | ख श |
543,पवमानपाठः,Kandah 1,प्रथम खण्डः,पाष्ठौहेद्वे,था प्ला च का चा श | था प्ला च का का शा पि ण श | टीट ख शि | कि त खी | षी तु त श | ती का ख शु | टट् ख शि | ख श |
544,पवमानपाठः,Kandah 1,प्रथम खण्डः,वैष्टम्भञ्चैव,ण णाफ् खा शि | कीच् का या ट टा त श | चा या टा टा त श | टीट् ख श | ख प्ला |
545,पवमानपाठः,Kandah 1,प्रथम खण्डः,पाष्ठौहञ्चैव,फी की श | क कि षी टि ता | टाच् का ट का | टट् ख शि | त टा टाख् |
546,पवमानपाठः,Kandah 1,प्रथम खण्डः,इषोवृधीयञ्च,ती श | का का टु ची | थ टिच् टिट् ख शि | टीच् |
547,पवमानपाठः,Kandah 1,प्रथम खण्डः,इन्द्रसाम,ख शाप्ल् ख णा | कि ख श | ख शप्ल् ख ण | कि ख | ख शप्ल् ख ण | कि ख |
548,पवमानपाठः,Kandah 1,प्रथम खण्डः,वैश्वदेवेच,का का क त त | क क त त | च टि का त त | च टि का त त | थ टि का त त | का टा का त खण् | प शा | तु ता | षा कु टा तच् क ट त त | टि तच् क ट त त | टि खण् | प शा |
549,पवमानपाठः,Kandah 1,प्रथम खण्डः,इन्द्रसामचैव,षी तु त श | कि कु ट ख ख ण | था टा | ट खा शि | खा प्ल |
550,पवमानपाठः,Kandah 1,प्रथम खण्डः,आग्नेयानित्रीणि,ती त श | टी त श | की त श | टी त श | टी त श | टा ख प्ल प्ला | शा | ती ता त | का की कि | का की कि | का की खि शृ | की प प्ल प्ला | शा | षी ति त श | की श च य प शृ | प्ला | शा |
551,पवमानपाठः,Kandah 1,प्रथम खण्डः,आश्वानिचत्वारि,ता | क ता टि | ख शी | ता भी | ख | का ट त | ता टि | ख श | ती | टिच् क षि की | यि टाच् क प प्ल प्ला | शा | फा खि श | क टि खा श | टा खा श | टू खा श | क टू | ख | फा खी श | क कि खि श | फा खु श | की खि श | फा खु श | की खि प्ल | प्ल शा |
552,पवमानपाठः,Kandah 1,प्रथम खण्डः,च्यावनानिचत्वारि,तु त श | क षृ टू च श | क ता ट ख शि | टि च | षी ति त श | टाच् षी कि | यि टा | ट खा शि | खा श | ता पा षु शु | कू खणफप्ल् | ख श | क टि खाणफप्ल् | ख श | ट खाणफप्ल् | ख श | खा प्ला खा शि | खि ण | पी ण श | भी त | टि खण् श | प प्ल | शा |
553,पवमानपाठः,Kandah 1,प्रथम खण्डः,प्राजापत्येद्वे,फि फा फा त त श | थाच् क ट ता ता त त श | क थ कुच् क ट ता ता त त श | चि ट ता ता त त श | टट् ख शि | ख प्ल | षू ती त | क टु टी श | चि ट प प्ला प्लि | शा |
554,पवमानपाठः,Kandah 1,प्रथम खण्डः,वैदन्वतानिचत्वारि ऋषभोवावैदन्वतश्चतुर्थः,ता चु | टा खा क थ टि | की टा त क प प्ल प्ला | शा | ती | चु टा खा क थ टि | टु त टट् ख शि | त टाख् | फा फा ख शि | चा क का कि कि टा खा ण | की ख ख शि | थ टूट् ख शि | तच् का टि ख | ट चि कच् का ट ख श | खी श खा णा | खी श खि ण | खी श खि ण | ट चि कच् का ट ख त्र | त टाख |
555,पवमानपाठः,Kandah 1,प्रथम खण्डः,रजेराङ्गीरसस्यपदस्तोभौद्वौ,ती | ट चि टाच् था टा च श | कि टा चि टाच् था टा च श | टा का च | था टा ट क प प्लि | शा | षू ता | ट चि | टाच् ख शप्ल् त श | था का का | कि टा चि | ख शप्ल् त श | था का का | टा का च | ख शप्ल् त श | था का का क प प्लि | शा |
556,पवमानपाठः,Kandah 1,प्रथम खण्डः,और्णायवेद्वे,षी ती | षु कि टा त | का शी ट त | चा टाट् ख शि | ख | फी शा का श | टाच् क कि की च | क टा त | का का का टा ट त | चा टाट् ख शि | त टख् |
557,पवमानपाठः,Kandah 2,द्वितीय खण्डः,सौभरेद्वे,खि ण | चि टा त त टि ख णा | टु | टिट् खा शि | खी | ती | की श च य टा की च य टा का त | चि टि खण् | प शा |
558,पवमानपाठः,Kandah 2,द्वितीय खण्डः,इन्द्रस्यवृषकाणित्रिणि,फी शा का | षु पि शु | ट खा शि | ख श | ती | भि त | यू पा ति | टी प श | ख श | फी की | टी की का ट का | टि च टी का ट का | खा प्ला |
559,पवमानपाठः,Kandah 2,द्वितीय खण्डः,बभ्रोःकुम्भस्यसामानित्रीणि,खा शृ | टा खि ण श | क टा ट त | की पी ण श | क टा ट त | टा खा ण श | क टा ट त | ट ख शि | ख श | षू तू श | ट खि ण | पि श | ट त टट् ख शि | ख श | षो तु ता | का का टट् ख शि | ख श |
560,पवमानपाठः,Kandah 2,द्वितीय खण्डः,बभ्रोःकार्तवेशानित्रीणि,खी श प्लि | टा टा त चि | टा टा काच् क पा शा | तु ति | षु टि च श | ता टा च श | क टाट् ख शि | ख श | षी खु शी | त पा श | टा ख ण | क प प्ल प्ला | शा |
561,पवमानपाठः,Kandah 2,द्वितीय खण्डः,शार्म्मदे द्वे,ती | ता ट ख शि | ख शू | ता टा ख शि | ख प्ल | टाच् य ट त | ता ट ख शि | ख श | फु खी श | टी टा ट त | षी टु टा ट त | की का प प्ल प्ला | शा |
562,पवमानपाठः,Kandah 2,द्वितीय खण्डः,वसिष्ठस्यजनित्रेद्वे,ता | की ख ण | चा चा शी | कि टा ख शि | ख श | ती | पी श | चा टा त त श का ख ण | ख श ख णा | प्ला प्लि | शा |
563,पवमानपाठः,Kandah 2,द्वितीय खण्डः,मरूताम्प्रकीळास्त्रयःसङ्क्रीळावानिक्रिळावा,ता | षू चि टि खा खा ता | क प प्ल प्ला | शा | ती | षू टा टि क थ चा | षू टी टि क थ चा | षु टु टि क थ टाट् ख शि | ख श | फा णाफ् ख शि | टा च चि क टी त | टी ट त | काच् क टा ख प्ल | प्ल शा |
564,पवमानपाठः,Kandah 2,द्वितीय खण्डः,औशनम्,ती | चि ट | यू टा | टिट् खा शि | ता टाख् |
565,पवमानपाठः,Kandah 3,तृतीय खण्डः,यामानित्रीणि,टाच् क श टूच् क च शा | टाच् क श टूच् का च शा | टाच् क श टूच् क च क श | ष टूच् क च शा | टा काच् श | टी चि शा | टाच् क श | टी ति टि | खा श | षु ता | टा त टा त चा खा ण | यी टा | टा खा शि | खी |
566,पवमानपाठः,Kandah 3,तृतीय खण्डः,अङ्कतेवैररूपस्यसाम,ती | खि ण | टा ख श खि ण श | टा ख ण | टट् ख शि | ख प्ल |
567,पवमानपाठः,Kandah 3,तृतीय खण्डः,औशनेच,तु ति | कि क थ क टी ट त टा ख ण | टिट् खा शि खी | फा फा फाप्ल् खि णा | थाच् क टी खी श | ट तिच् का य टा | टिट् ख शि | ख श |
568,पवमानपाठः,Kandah 3,तृतीय खण्डः,सोमसामच,ती | पि श | चि टि ख ण | क टा त | चा क पि प्ला | प्ल शा |
569,पवमानपाठः,Kandah 3,तृतीय खण्डः,कार्ष्णेच,ति श | थाच् का य प ता | कु चा टा त | कु टट् ख शि | खा श | कि ख शी | चि का ट कि प णा श | टट् ख शि | थ टा ख |
570,पवमानपाठः,Kandah 3,तृतीय खण्डः,भारद्वाजञ्च,षु ता | च या ट | कीच् का य ट | टिट् ख शि | का टाख् |
571,पवमानपाठः,Kandah 3,तृतीय खण्डः,वैश्वामित्रञ्च,तु | का टाच् य टाच् ख श | कि कि टाच् य टाच् | ख श | टू काच् क ता टि | खा श |
572,पवमानपाठः,Kandah 3,तृतीय खण्डः,इन्द्रस्यवात्रघ्नम्,ता शी | टा क था टि का ख ण श | टा ख ण | टि त | का क टा ख प्ल | प्ल शा |
573,पवमानपाठः,Kandah 3,तृतीय खण्डः,सोमसामानित्रीणि,ती | क कु की टि भि त | त प प्ल प्ला | शा | कि था टा | थाच् क टट् ख शि | का का कीच् क टा | थाच् क टट् ख शि | टाच् का का काच् क टा | थाच् क टट् ख शि | टीख् | णा णाफ् खा शि | चा थाच् का या ट | भि त | का क टा ख प्ल | प्ल शा |
574,पवमानपाठः,Kandah 3,तृतीय खण्डः,भारद्वाजञ्चैव,ती | टू | टू | पू खा ता | क प प्ल प्ला | शा |
575,पवमानपाठः,Kandah 4,चतुर्थ खण्डः,वार्षाहरम्,ती काच् क ख प्लु | ती श काच् क ख प्लू | ती का क खा प्लु | ती का क ख प्लु | ति श काच् क ख प्ल | ती श काच् क ख शि प्ली | श |
576,पवमानपाठः,Kandah 4,चतुर्थ खण्डः,वार्शानित्रीणि,ती | भि त | टू ख ण श | का टा त | टिट् ख शि | खा श | खि श खि ण | फू खा शा | टा त ट त टट् ख शि | ख श | फू खा शा | फू खा शा | या ट का टी खण् | प शा |
577,पवमानपाठः,Kandah 4,चतुर्थ खण्डः,वैरूपेचदेवानांवाञ्जसायिनी,पि ण | भी त का ख ण | या टा | टा खा शि | टि ख | षि तु | च टा त त श का ख ण | यी टा | टिट् खा शि | तच् क टा ख |
578,पवमानपाठः,Kandah 4,चतुर्थ खण्डः,तरन्तस्यचवैददश्वेस्साम,ती त या ट श | टा ख ण | टाट् ख शि | कु खी |
579,पवमानपाठः,Kandah 4,चतुर्थ खण्डः,सोमसामच,ती | च टि टा टि च श | का का टि टा टि च श | था की टा टा टि टट् ख शि | ख श |
580,पवमानपाठः,Kandah 4,चतुर्थ खण्डः,सूर्यसामच,षी ति त | षी ची | पु श भि | ख श |
581,पवमानपाठः,Kandah 4,चतुर्थ खण्डः,दार्ढ्यच्युतानित्रीणि,चा शा | टी चा शा | चा श चा | टीच् क च शा | क च शा | टीच् श चा शा | का त श | षू टि त भि त टा ती | पि श भि | ख श | फू खा शी | की कि ट त त श | चा कि टी त त श | टी खण् | प शा |
582,पवमानपाठः,Kandah 4,चतुर्थ खण्डः,इन्द्रस्यचवृषकम्,ती | चा य ट श | टु त श का ख ण | की ट त | कि टी खण् | प शा |
583,पवमानपाठः,Kandah 4,चतुर्थ खण्डः,ऐषञ्च,ती | की खि शि | की टीख् | चा क फ शि खि शि | कि ख |
584,पवमानपाठः,Kandah 4,चतुर्थ खण्डः,श्यावाश्वञ्च,ती | षी टि तच् | क टि त | टिट् ख शि | तीच् |
585,पवमानपाठः,Kandah 4,चतुर्थ खण्डः,सोमसामच,णाफ् ख शु | टू ख ण | य ट य ट खि | त्र श |
586,पवमानपाठः,Kandah 4,चतुर्थ खण्डः,आग्नेयञ्च,ख षु शी | टी खा | ख षु शु | टी ख श | ख षु शु | टा खि प्ल प्ला | शा |
587,पवमानपाठः,Kandah 4,चतुर्थ खण्डः,आयास्येच,फी खी श | टु ट ट त | क षी टू खी श | टीट् खा शि | टा ख | फी खा ख श | टू ट त | क षी टी ट त | टी खा शि | तच् क ट ख |
588,पवमानपाठः,Kandah 4,चतुर्थ खण्डः,भारद्वाजञ्च,खा प्ल खा शु | टि ख खा प्ल खा शु | टीट् ख शि | कि टि खा खा प्ल खा शु | टि खा खा प्ल खा शु | टीट् ख शि | ख |
589,पवमानपाठः,Kandah 5,पञ्चम खण्डः,आयास्यञ्च,ती | टट् ख शि | ख श | ती क थ टी त | टी त टट् ख शि | ख श | भि त ट खा शि | ख श |
590,पवमानपाठः,Kandah 5,पञ्चम खण्डः,वसिष्ठस्यचापदासे,षु ति | की क थ टा त ट त श | का कि ची थ टा त ट त श | चा य टा ट त ट त श | टि खण् | प शा | फी की टा टा त चि | टा टा था टा त चि | टा टिच क टा खण् | प शा |
591,पवमानपाठः,Kandah 5,पञ्चम खण्डः,माण्डवञ्च,षु तू त | कि का की ट त श | च ची थ टी कि ट त श | टि खण् | प शा |
592,पवमानपाठः,Kandah 5,पञ्चम खण्डः,उद्वच्च,षी ति ता | की टि टा | षु कि टि टि | टाच् य टा ता | क प प्ल प्ला | शा |
593,पवमानपाठः,Kandah 5,पञ्चम खण्डः,माण्डवञ्चैव,टा ट त | टी खि ण | की टि त | षु कि टि त | क था टाट् खा शि | त टख् |
594,पवमानपाठः,Kandah 5,पञ्चम खण्डः,प्रजापतेश्चसदोविशीयम्,षू तू टा टा त त | की क थ टा त ट त टा टा त त | का कि ची थ टा त ट त टा टा त त | चा य टि त ट त टा टा त त | टिट् ख शि | ता ट ख |
595,पवमानपाठः,Kandah 5,पञ्चम खण्डः,जमग्नेस्सवासिनी द्वे,ट य टा ट य टा ट कच् क का टट् ख शि | की की की क थ टि कि का चा थ टी च | ट य टा ट य टा ट कच् क का टट् ख शि | त का टाख् | तच् च क का टट् ख शि | की की कि क थ कि कि का चि खा | तच् च क का टट् ख शि | कि कु टा खण् | प शा |
596,पवमानपाठः,Kandah 5,पञ्चम खण्डः,आयास्येद्वेसोमसामनीवा,ती | कि कू का चि | की कू चि | कु च श | टि खण् | प शा | षी तु त | पा टि खाणफप्ल् | ख श | पा क था | कि टि खाणफप्ल् श | ख श | पा क था | टि खाणफप्ल् | ख श |
597,पवमानपाठः,Kandah 5,पञ्चम खण्डः,कण्वरथन्तरम्,षु ति | कु पा श | षू तू ता | टि ता | ता टि | त ता ख |
598,पवमानपाठः,Kandah 5,पञ्चम खण्डः,आयास्यञ्च,षु तु खा त्र | का टा खाणफप्ल् | त टख् | षू की पा श | त टख् | पि श चि खाणफप्ल् | त टख् |
599,पवमानपाठः,Kandah 5,पञ्चम खण्डः,रौरवम्,तु पा ण | षौ टू ति पा शा | टू त पा शा | क टा ख प्ल प्ल शा |
600,पवमानपाठः,Kandah 5,पञ्चम खण्डः,यौधाजयञ्च,च य प श प्ल खा ण | का का ट खणफप्ल् | ख श | का कि टि खाणफप्ल् श | ख श | टा टि खाणफप्ल | ख श |
601,पवमानपाठः,Kandah 5,पञ्चम खण्डः,वसिष्ठस्यचप्लवम्,ति ति त खि प्ल त श | खि श खि ण | खि श खि ण | खि श खी श खि ण | खि शा खी ण | ति ति त खी प्ल ख शि | त का का कि कि ख |
602,पवमानपाठः,Kandah 5,पञ्चम खण्डः,अच्छिद्रञ्च,ती | ता टि | ख श | टा चा चा चा | ती | ता | ख श | का टीच् ची | ती | टाच् च ता टि | ख श | चा शा क टिख् | ती | ता | ख प्ला |
603,पवमानपाठः,Kandah 5,पञ्चम खण्डः,रयिष्ठञ्च,ती | भि टा त टा त टा त ट ख प्ल ति | टा चा चा चा | ती | भि टा त टा त टा त ट ख प्ल ति | का टीच् चा चा | ती | टा टा टा टा त टा त टा त ट ख प्ल ति | चा कि टीख् | ती | भि टि त टा त टा त ट ख प्ल ति | खा श |
604,पवमानपाठः,Kandah 5,पञ्चम खण्डः,भारद्वाजेद्वे,षि ती | ताच् टि तिच् क क ख श | टा चा का टी तिच् क क ख श | का टीच् कि टा तिच् क क ख श | चा ची टि तिच् क क प प्ली श | श | ती | क टिच् प्लु ति कि | टा चा चा फु ति कि | का टीच् कि टि ति कि | टि त ति कि | च प्ल प्लु शा | श |
605,पवमानपाठः,Kandah 5,पञ्चम खण्डः,आभिशवेद्वे,षू ति | चा क की खा प्ल त श | टू कि ख प्ल त श | का पा प्ल प्लि | शा | षू ति त | चा क ती खा प्ल त त श | टू कि ख प्ल त त श | का पा प्ल प्लि | शा |
606,पवमानपाठः,Kandah 5,पञ्चम खण्डः,अङ्गिरसामधीवासपरीवासौद्वौ,षू ती | षि टी ति | का षी टि ति | टि ति | टिट् खा शि | ख श | षू तू | षि टी कि शा | ख श | का षी टि कि शा | ख श | टि कि शा | ख श | च टा की शा | खा श |
607,पवमानपाठः,Kandah 5,पञ्चम खण्डः,माण्डवेद्वे,षू ता | क क कीच् का टि खा श | ख श | षी टि त | टि त | का टी खण् | प शा | षू ति त | टि च चा ची य ट त त श | टाच् चा चा चा य ट त त श | का टी खण् | प शा |
608,पवमानपाठः,Kandah 5,पञ्चम खण्डः,वैनसोमकृतवेद्वे,तू ता | टूट् टा | का टूट् टा | टि त | क प प्ल प्लि | शा | टी भु टा टा च थि टा ट त | टाच् का भी टा टा च थि टा ट त | का टीच् भी टा टा च थि टा ट त | टी क भि टा टा टा च थि टा ट खण् | प प्ला |
609,पवमानपाठः,Kandah 5,पञ्चम खण्डः,प्रजापतेर्गूर्दौद्वौ गौतमस्यवाप्रतोद्वौ,चा च फ ता प चा क फ | षू ची च फ ता प चा क फ | षू ची च फ ता प चा क फ | षू चू च फ ता प चा क फ | षू ची क फ ता प खि त्र | ख श | षी ति | कूच् क टिख् | षी ति | कूच् क टिख् | षी ति | षू काच् क टिख् | षी ति | कू कच् टिख् |
610,पवमानपाठः,Kandah 5,पञ्चम खण्डः,मरूताङ्गोष्ठापुंसिनिद्वे,षी ति | कू चा टीख् | षी ति | कू चा टीख् | षी ति | षु चा टीख् | षी ति | कू का टीख् | षी ति | कि टिच् का टाच् टीख् | षी ति | कि किच् क टिच् टीख् | षी ति | कू टाच् क टिच् टीख् | षी ति | कि टिच् क टिच टीख् |
611,पवमानपाठः,Kandah 5,पञ्चम खण्डः,महारौरवञ्च,षी ति | कूच क किच् का का की टीच् चा चा टीख् | षी ति | तच् टि खा |
612,पवमानपाठः,Kandah 5,पञ्चम खण्डः,महायौधाजयञ्च,खि श खि शप्ल् त प प्ल ति | कूच क किच का का की टी ची ची खा | खि श खि शप्ल् त प प्ल ति | त टाख् |
613,पवमानपाठः,Kandah 5,पञ्चम खण्डः,आश्वानिचत्वारि,ख ण | क था टी खा श | टी च टि टा टा खा श | टी च टि टा खा श टा खा श | प्ली श | प शा | तु | खि शा खि ण | ता टि | ख श खि श खि ण | ता टि | ख श खि ण | ता टि | ख श | तु ति श | षी यि ट | षी यि ट का य ट | टाच् टी खिप्ल् शा | षु फु खा प्ली | षी कु टिच् टि चा | की टाच् टि चा | टि ख प्ल | प्ल शा |
614,पवमानपाठः,Kandah 5,पञ्चम खण्डः,आग्नेयञ्च,ती | खी ण श | क कि ति टि | ख श खि ण | क की ता टि | ख श खि ण | ता टि | च श |
615,पवमानपाठः,Kandah 5,पञ्चम खण्डः,सोमसामच,फू खा शा | फू खा शा | टा खा श | टा खा श | फ णि फा खा ण श | टा खा श | टा खा श | प्ली | प्ल शा |
616,पवमानपाठः,Kandah 5,पञ्चम खण्डः,द्विहिङ्कारञ्चवामदेव्यम्,पि शू | षौ कू त टा | ट त कू त टा | पि प्ला | प्ल शा |
617,पवमानपाठः,Kandah 5,पञ्चम खण्डः,अङ्गिरसामुत्सेधनिषेधौ द्वौ,षु फु खा ण फ प्ल | क टिच् य टा | ख श शृ | क कि कि या टा | ख श शृ | खि त्र | ख | तू ति श | चू थ टा ता | टा ख श खा ण श | क कि टा ती | टा ख श खा ण श | खि त्र | ख |
618,पवमानपाठः,Kandah 5,पञ्चम खण्डः,सोमसामानिषट्,ती | थाच् यि ट | की च य टा | टा ट त षू यि टा | कि ख शि | टि ख | खी प्ली श | की क था पि ण | यू प श | खि श ख णा | टि ख प्ल | प्ल शा | षु ती ता | ति टि | ख श | ट त कू ता टि | ख श | ट त का ता टि | ख श | षु ती ता | की की कु कु शु | ख श | टि ख प्ल | प्ल शा | षै तू | षू कू पी शा | ता टि | ख श खि ण | णा च क फ | प्ल शा | षु चा टा त प शू | क की थिच् क कि प्लि श | क पी श च | ख प्ल | शा |
619,पवमानपाठः,Kandah 5,पञ्चम खण्डः,विष्णोररणीद्वे,ती | टाच् चा शा | टूच् श चा शि | षू टी चा शा | कू टाट् खा शि | खा श | ती | षी टू त भि त टि | षू यी प श | भि त | की प प्ल | प्लि | शा |
620,पवमानपाठः,Kandah 5,पञ्चम खण्डः,आङ्गिरसानित्रीणि,तु ति | खि श खि णा | षू चि प श्रृ | त प प्ल प्लि | शा | तू ता | च टि खाणफप्ल श | ख श | टा टि टी खाणफप्ल् | ख श | टा टि खाणफप्ल् | ख शा | षी फु खा शु | की टि ता | षू का टि त | टी ता | टा ट खाण् श | प शा |
621,पवमानपाठः,Kandah 5,पञ्चम खण्डः,औक्ष्णोरन्ध्राणित्रीणि,ती | ती टा ख शा ती श टा ख शा ती टा ख ण | चि पा श | क प प्ल प्ला | शा | ती | चि ट चा था या पा खि ति की च य टा | टिट् ख शि | टा ख | ती | च चि य टच् य टा का चा श | य टच् य टा क चि ची | य टच् य ट ट ख शि | ख श |
622,पवमानपाठः,Kandah 5,पञ्चम खण्डः,औक्ष्णोनिधनानित्रीणि,ता त | षू ट त | कू भि त | की क कि भु त | टि त | क प प्ल प्ला | शा | षी तू त श | षी टि ख ण | खा ति क कि या पा खा ता | क प प्ल प्ला | शा | फी शा का | टा टा टा टि | की की भु त | टि त | क प प्ल प्ला | शा |
623,पवमानपाठः,Kandah 5,पञ्चम खण्डः,वाजजिच्चा,तू | टा टाच् य टा था चि श | टाच् य टि था की चि | टाच् य टा था कि टि | क कि तच् |
624,पवमानपाठः,Kandah 5,पञ्चम खण्डः,द्वभ्यासञ्चसौहविषंवसिष्ठस्यवापिप्पलि,षू तु त | की टी ट त त की कीच् | का टा त त श | टा खण् श | प शा |
625,पवमानपाठः,Kandah 5,पञ्चम खण्डः,वैश्वदेवेच,त कि थाच् का य ट | त चू का य ट | त षू ची कच् क या टा | त की थाच् का य ट | त खण् श | प शा | कि ख की | कि टू त टा त | की की भु त टा त | थ कि भु त टा खण् | प शा |
626,पवमानपाठः,Kandah 5,पञ्चम खण्डः,इन्द्रसामच,ती | ता टि | ख शू | ता टि | ख शू | की का टि भ | ख शु | ता टि | ख प्ल |
627,पवमानपाठः,Kandah 5,पञ्चम खण्डः,वैश्वदेवञ्चैव,षु ता ता | कि षी टूच् य टा त | की श कुच् का टाच् य ट ता | थ श कु श टाच् य ट खण् | प शा |
628,पवमानपाठः,Kandah 5,पञ्चम खण्डः,इन्द्रसामानित्रीणि,षृ तु त | टा खा त्र | क टी खा त्र | च कुच् क टच् य टि खा त्र | ता टाख् | षु ता त | टा खा त्र | क टी खा त्र | कि कु टा खा त्र | ता टाख् | षु ता त | का टु ख ण | की षु टा खा णा | कि टाट् ख शि | ख प्ल |
629,पवमानपाठः,Kandah 5,पञ्चम खण्डः,स्वःपृष्ठमाङ्गिरसम्,टा खि खा फा का | टा खा खा क का | टा खा खा फा का श | टिट् ख शि | ख प्ल | ख शप्ल् ख ण | कि टाट् ख शि | ख प्ल |
630,पवमानपाठः,Kandah 5,पञ्चम खण्डः,सोमसामच,षू ती | यी टा | षू पि ता | काच् का टट् खा शि | ख प्ल |
631,पवमानपाठः,Kandah 5,पञ्चम खण्डः,आदित्यानाञ्चपवित्रम्,षी तू श | षे टु तच टि ता | टीट् ख शि | ख श |
632,पवमानपाठः,Kandah 5,पञ्चम खण्डः,सोमसामनीद्वे,षू ता | ख प्ल | कीच् क टीट् ख शि | कि च थि टुट् ख शि | तीच् | ती | टा टि | टू टि | षु टु टा | टा टिच् क टा खण् | प प्ला |
633,पवमानपाठः,Kandah 5,पञ्चम खण्डः,स्वःपृष्ठञ्चैवाङ्गिरसम्,ती | का चा था टाच् क टा टि | षु टू खा श | ख श | टि टिच् क टा खण् | प शा |
634,पवमानपाठः,Kandah 5,पञ्चम खण्डः,सोमसामचैव,खी प्लु | टू खा ण | की श टी ख ण | कि खि ण टट् ख शि | ख प्ल |
635,पवमानपाठः,Kandah 6,षष्ठ खण्डः,औशनानित्रीणि,चा फा ता कू खि श | चा फा का की कि खा श | चा फ ता टी कि खा शा | चा फ ता का कि पि खि | त्र श | का फ खि ण | षी कि खि श | टु कि खा श | टु कि खा शा | का फ खि ण | कि कि पि खि | त्र श | ता | षु टि थ | टु कि खा ण | षी टू त श | कि कि पि खि | त्र श |
636,पवमानपाठः,Kandah 6,षष्ठ खण्डः,प्रशस्यजानस्याभीवर्तौद्वौ,का ता | षी कि खि श | ति ता टु कि खा श | ति ता | टु कि खा शा | ति ता | कि कि पि खि | त्र श | ति | षी टू त कि | काच् क का | षु टु त का काच् क का | षु टु त श का काच् क का | कि कि टि का ख प्लि शा | ख श |
637,पवमानपाठः,Kandah 6,षष्ठ खण्डः,प्रजापतेर्वाजसनिनीद्वे वाजजितौद्वौ वाराहाणिवा,क टाच् भी टा त | टी टीच् टा त | टीच् भी टा त | टी टी खि शि | ख | टिच् भी टि | टी टीच् टि | टी भी टि | टी ट खा शि | टा ख | चू शा का ख श | चि चा क कि ख श | थू कि ख श | चि का टा ति | ख | ति चा कि की खा प्ल | क टी कि खा श | की की खा प्ल | ति चा | च क टि पि खि श | त्र |
638,पवमानपाठः,Kandah 6,षष्ठ खण्डः,अङ्गिरसांसङ्क्रोशास्त्रयः देवानांवा सामसुरसे द्वे,टा टा त त श टु का खि प्ल | णाफ् ख शि | टू कि खा श | का कि काच् क च श | क टु कि खा प्ल | का कि काच् क च श | क कु पि खा | त्र | टि च श टु का खि प्ल | णाफ् ख शि | टू कि खा श | का कि काच् क च श | क टु कि खा प्ल | का कि काच् क च श | क कु पि खा | त्र | क टि कच् श टु का खि प्ल | णाफ् ख शि | टू कि खा श | का कि काच् क च श | क टु कि खा प्ल | का कि काच् क च श | क कु पि खा | त्र |
639,पवमानपाठः,Kandah 6,षष्ठ खण्डः,वेणोर्विशालेद्वे,की टी किच् टु का खि प्ल | णाफ् ख शि | टू कि खा श | का कि काच् क च श | क टु कि खा प्ल | का कि काच् क च श | क कु पि खा | त्र | की टी किच् टु का खि प्ल | णाफ् ख शि | टू कि खा श | का कि काच् क च श | क टु कि खा प्ल | का कि काच् क च श | क कु पि खा | त्र |
640,पवमानपाठः,Kandah 6,षष्ठ खण्डः,गौतमस्यतन्त्रातन्त्रेद्वे,चा फा ती काच् फ ण | टु का खि प्ल | णाफ् ख शि | टू कि खा श | का कि काच् क च श | क टु कि खा प्ल | का कि काच् क च श | क कु पि खा | त्र | टी ख प्लिङ् टु का खि प्ल | णाफ् ख शि | टू कि खा श | का कि काच् क च श | क टु कि खा प्ल | का कि काच् क च श | क कु पि खा | त्र |
641,पवमानपाठः,Kandah 6,षष्ठ खण्डः,अगस्तयस्ययमिकेद्वे,का ता टी का त्र ख प्ला ङ | टु का खि प्ल | णाफ् ख शि | टू कि खा श | का कि काच् क च श | क टु कि खा प्ल | का कि काच् क च श | क कु पि खा | त्र | ख प्ल ङ टु का खि प्ल | णाफ् ख शि | टू कि खा श | का कि काच् क च श | क टु कि खा प्ल | का कि काच् क च श | क कु पि खा | त्र |
642,पवमानपाठः,Kandah 6,षष्ठ खण्डः,मरूताङ्कालकाक्रन्तौ,का ख फा त तच् | टु का खि प्ल | णाफ् ख शि | टू कि खा श | का कि काच् क च श | क टु कि खा प्ल | का कि काच् क च श | क कु पि खा | त्र | टिच् क ख फा फा त त तच श टु का खि प्ल | णाफ् ख शि | टू कि खा श | का कि काच् क च श | क टु कि खा प्ल | का कि काच् क च श | क कु पि खा | त्र |
643,पवमानपाठः,Kandah 6,षष्ठ खण्डः,वासिष्ठानिषट्,खा क था | टि कि खा प्ल | खा क था | टी कि खा श | खा क था | टी कि खा श | खा क था | भि कि खा श | पि खा | त्र | खु क था | टि कि खा प्ल | खु क था | टी कि खा श | खु क था | टी कि खा श | खु क था | भि कि खा श | पि खा | त्र | खु क था | टि कि खा प्ल | खू क था टी कि खा श | खू क था | टी कि खा श | खू क था | भि कि खा श | पि खा | त्र | खू क था | टि कि खा प्ल | षु खा क था | टी कि खा श | षु खा क था | टी कि खा श | षु खा क था | भि कि खा श | पि खा | त्र | षु खा क था | टि कि खा प्ल | षू खा क था | टी कि खा श | षू खा क था | टी कि खा श | षू खा क था | भि कि खा श | पि खा | त्र | ट क था टा कथ् | टु कि खा प्ल | टू कि खा श | टू कि खा श | ट क था टा कथ् | टु पि खा | त्र |
644,पवमानपाठः,Kandah 6,षष्ठ खण्डः,आश्वञ्च,टी च चा चि शि | कि कि का कु च | टुच् टिच् भि चा श | कि टु क था टि ट ता ति | तच् क टिख् |
645,पवमानपाठः,Kandah 6,षष्ठ खण्डः,सोमसामनीद्वे,ता | टा टा का थ टि खा णा | टा टा की टा खा ण | टा टा का था टा खा ण | टा टा का टि ख शि | ख | फू त फु खा प्ल | त षू कि टा त | त षू कि टि त | त षू टुट् ख शि | ख |
646,पवमानपाठः,Kandah 6,षष्ठ खण्डः,ऐषञ्च,ती | ता प षू तू त | ता प षु तू त | ता प षु तू त | ता प षु प्लि शा | ख |
647,पवमानपाठः,Kandah 6,षष्ठ खण्डः,माधुच्छन्दसम्,खा ण | ता च क टी कि खा श | टु कि ख शि | टु कि खा श | खा ण | ता च क टी पि खि | त्र |
648,पवमानपाठः,Kandah 6,षष्ठ खण्डः,सोमसामानिचत्वारि,चु किच् का टा | ति चा किच् का टा | षी की टा त | कि टा पि खा श | त्र | षु ती खा त्र | प श त्र | कि का कि चि | टा खा ण | खी खा त्र | कि कु टिख् | षो तो श षू चू | क टी कि खा श | कि टि कि खा प्ल | कि कि कि ख श | षो तो श | षू चू | कि टा पि खा श | त्र | षौ तो श षू चु श | क टी कि खा श | कि टि कि खा प्ल | कि कि कि ख श | षौ तो श | षू चु श | कि टा पि खा श | त्र |
649,पवमानपाठः,Kandah 6,षष्ठ खण्डः,मरूतांव्रतोपोहस्सम्पद्वा,क टा क टा टा ट त त | टु कि खा श | च कि क कि खा प्ल | टु कि खा प्ल | क टा क टा टा ट त त | की पी खा | त्र श |
650,पवमानपाठः,Kandah 7,सप्तम खण्डः,कूत्सस्याधिरथ्यानित्रीणि,ख श खि ण | कि टि खु श | कि टु खि श | कि की खि प्ल | कि टा कि खा त्र श | ख श खी प्ला श | श | फा त त | कि टी खु श | कि टु खि श | कि की खि प्ल | फा त त | कि टा पि खा | त्र श | फा त त | क था टी खु श | क था टु खि श | क था टी खि प्ल | फा त त | क था टा पि खाणफप्ल | ख श |
651,पवमानपाठः,Kandah 7,सप्तम खण्डः,वैश्वज्योतिषाणित्रीणि,ति शा भु च क टु | ति षी चु टु | ति शा चु का टी | ति शा चु क टू | खि प्ल श | श | टी का खा श | क टी कि खा श | क टी कि खा श | क कि पी खि श | त्र | ति शा षी खी खा प्ल | ति शा षु खि खा श | ति शा षी खी खा प्ल | ति शा षी खी खा प्ल | खा प्ल श | श |
652,पवमानपाठः,Kandah 7,सप्तम खण्डः,वाचस्सामनीद्वे,फा फा फ णि फी फ | फा फा फ ण फी फ श | फा फा फ णि फी फ | फा फा फ प्लु शी | श | की प णि फी त | की प ण फी त श | क की प णा फी त | की प प्लु शी | श |
653,पवमानपाठः,Kandah 7,सप्तम खण्डः,दाशस्पत्यानिषट्,ता | षा कु ट त | टा कू टा त | टा कु टा त | टाच् क टू ति | ख | ती त | त प षु तू त | त प षी तू त | त प षू ती त | त प प्लू शा | ख | था टाच् कूच् क टि त | षी किच् क टि त | षि कुच् क ती | थ टि पा प्लु | प्ल शा | षु तू त श | कि खि श | का की कु खि श | क टूच् कु खि श | की टी पा प्लु | प्ल शा | षी तु त | षी तू श | षु तू श | षु तु खि शि | त टा ख | षु ता त | ती ति | का था का ता ति | क की की | ता ति | टट् ख शि | ख क च श | थि की ता ति | टाट् ख शि | ख | चा कि की ता ति | टट् ख शि | ख |
654,पवमानपाठः,Kandah 7,सप्तम खण्डः,कश्यपस्यचशोभनम्,ती | टि काच् चि | क थाच् कि ख शी | षु टू कथ् टु पि खा | त्र |
655,पवमानपाठः,Kandah 7,सप्तम खण्डः,आत्रम्,षु चि टि | ता चि काच् का टा | ति का चि का ट कि का ट क टा क ता | त कि कि खी |
656,पवमानपाठः,Kandah 7,सप्तम खण्डः,अपांसाम,षू तू त श | खि शप्ल् त त श | चि पा णि फ फाप्ल त श | षु टि का फ त त त क चू क फ त त ख शि | त टख् |
657,पवमानपाठः,Kandah 7,सप्तम खण्डः,श्नौष्टाणित्रीणि,तु त श | कु टा त ट च का ट त | कथ् षी कि टा त ट च का ट त | षु का टा त ट च का ट त | षा कू टा त | ट च का टट् ख शि | त तिच् | ता ती त श | ती टा त का का ट त | षु कि टा त का का ट त | षु का टा त का का ट त | षि कु टा त | का का टट् ख शि | त टिख् | खि श खि श त प श ति | चा चा कि कि काच् क टा टा टाख | कथ् की कू चा टि टा खा | चा चा कि कुच् टि टा खा | खि श खि श त प प्ल ति | कि कु कि काच् टि टा खा |
658,पवमानपाठः,Kandah 7,सप्तम खण्डः,वासिष्ठम्,भि त | क टा पी श | ख श | भि त | टिच् क पि श ख | भि त | टिच् पि श | ख श | भि त | टिच् क पी शि | ख |
659,पवमानपाठः,Kandah 8,अष्टम खण्डः,नकूलस्यवामदेवस्यप्रेंखौद्वौ,ती | खि ण | टी ता भि | ख श | टी ता भि | ख श | टी ता टि | ख श | ती | त पा श | काच् क ट ट था ट | त पि श | च था ट ट था ट | त पि श | च था ट ट था ट | टट् ख शि | त टाख् |
660,पवमानपाठः,Kandah 8,अष्टम खण्डः,महाकार्क्तवेशञ्च,ति खि णा | त का खि ण | चा क ख शु | च कि क ख | यू पा श | चा क ख शु | क टि ख |
661,पवमानपाठः,Kandah 8,अष्टम खण्डः,और्ध्वसद्मनञ,षु तु त श | षु टू च षी टू च श | च था कि खा त्र | कीच् क टु ताच् |
662,पवमानपाठः,Kandah 8,अष्टम खण्डः,श्यावाश्वञ्च,चा य प प्ल खी णा | कु टि टि | कि पा श त त | क ट टि | का पी श ख प्ल | शा |
663,पवमानपाठः,Kandah 8,अष्टम खण्डः,आन्धीगवञ्च,षी तू त | पु श टाट् | टाच् की ती | पा शा | ट टा त क टा ख प्ल | प्ल शा |
664,पवमानपाठः,Kandah 8,अष्टम खण्डः,क्रौञ्चानित्रीणि,का कु चि | ती टा ख | त्र श | का की च शा | ति टा ख | त्र श | षी तू | क चि था टा क थ चा श | चि टा यि टा | टी त | का टी खण् | प शा | चा क फप्ल् खी प्लि | त टि खाणफप्ल | ख श | चि टुख | टा त | टि खण् श | प शा |
665,पवमानपाठः,Kandah 8,अष्टम खण्डः,गृत्समदस्यसूत्राणि चत्वारि,था प ण | का क टी का प ण | काच् कि ता प ण | टु चा टा ता प ण | चा टा टाख् | त त की ख शप्ल् त ख शि | ख श | त त कु ख शप्ल् त ख शि | ख श | त त कु टी ख शप्ल् त ख शि | ख श | त त कि टा खा शप्ल् त ख शि | ख प्ल | षु तु | चा य ट का या ट | की की का ख णा श | चा य ट श | पि श ख प्ल | शा | फ णा प्ला फा खा शी | ता था की की शी | ख श | टि त टा त श | चा ट खण् | प शा |
666,पवमानपाठः,Kandah 8,अष्टम खण्डः,आकुपारम्,चू का प प्ली ङी श | कू थच् पा प्ल ङि श | षु चा क प प्ली ङु श | षि ची क प प्ली प्ली | शा |
667,पवमानपाठः,Kandah 8,अष्टम खण्डः,त्वाष्ट्रीसामनीद्वे,ती | ता ता कि त ता त ता ख | चा श | ता ता त का ख चि | ता ता त ता ख | षी ती | टा टा खाणफप्ल् | ख प्ल | टी तू | चा टि खण् | प शा |
668,पवमानपाठः,Kandah 8,अष्टम खण्डः,सोमसामानिचत्वारि वासिष्ठानिवा मदाईनिधनानिवा त्वाष्ट्रीसामानी,खा प्ली | क कु का टा खा श | षू ता | चा टि खण् | प शा | षू तू | यु टच् य ट कु की शा | ख प्ल | टि ख प्ल | प्ल शा | षी तू त श | था च य टा | था टि ख णा | की ट भि | ता टा खा ण | ची क य टा | था खी ण श | टट् ख शि | ता टख् | षि तु त | ची क य टा टि | की ट टि टा | ची क य टा टा | था पी ण श | टट् ख शि | ता टख् |
669,पवमानपाठः,Kandah 8,अष्टम खण्डः,त्वाष्ट्रीसामनीचैव,टी चा टि | टी चि टि | टी क थ टि | टी त प्ला प प्ल प्ला | शा | णा च कफ् त चा पि | फा फाप्ल् त चि पि | णा फाप्ल् त त थ पि | फा फाप्ल् त त प्ला ख प्ल प्ला | शा |
670,पवमानपाठः,Kandah 8,अष्टम खण्डः,क्रौञ्चेद्वेशार्मदेवा,ती | का ट भि ता ति | का था भी ता ति | का था ट भि ता ति | फ ता प श ख प्ला | शा | फा खी शा | की कि ख | टि खा श | क कि टाख् | तच् चा | टि खाण् | प शा |
671,पवमानपाठः,Kandah 8,अष्टम खण्डः,सोमसामानि त्रीणि,ती | टट् ख शि | ख श | टि का कि टू टि | टू टा | खि शा | ती | की चा का का ट त श | चि टिच् क टि ट त श | षी टीट् ख शि | ता ट ख | टा कि शि खा श | टा क च खा श खा श | टा च श खि श खा श | टा कि खु | त्र |
672,पवमानपाठः,Kandah 8,अष्टम खण्डः,क्रौञ्चञ्चैव उद्वद्ववा,की प प्ला ता | की प प्ला ता | क कि प प्ला ता | कु प प्ली | श | श |
673,पवमानपाठः,Kandah 8,अष्टम खण्डः,सोमसामचैव,तु ती | तु ती | कु ती | कु ती | षू प्लि शा | चा टख् |
674,पवमानपाठः,Kandah 8,अष्टम खण्डः,प्रैय्यमेधानि त्रीणि,ख ण | षा यु ट | षी यु ट | षु यी ट | षी पी प्ल | ख प्ल | फा खी शा | ता ता का ख ण | ती का ख ण | का की कथ् टि खण् | प शा | षु ती शा | षू ति शा | तू तु त श | की शा | ख श | टि ख प्ल | प्ल शा |
675,पवमानपाठः,Kandah 8,अष्टम खण्डः,औशनंवैरूपम्,पि शु | था टा खि ण | षि ती त | टि खी | त्र |
676,पवमानपाठः,Kandah 9,नवम खण्डः,कावम्,खि श खि ण श | क टि खि श खि ण | क भि खि श खि ण | क भी खि शा खि ण | ता टि | ख प्ल |
677,पवमानपाठः,Kandah 9,नवम खण्डः,प्रजापतेर्वाजसनिनीद्वे,त चा क फ | त चि ता चि ता चा क फ | त चि ता | चि ता | चा क फ | त चि ता चा क फ | त चा क फ | त चि ता | प्लु | प्ल शा | षू ति | कि खा ण | टि की ति श चा चा श | ट कि ची चा क च श | कू कि ता टि | त टख् |
678,पवमानपाठः,Kandah 9,नवम खण्डः,वाजिजितौद्वौ,क कीच् शी की पा शै | था किच् शी की पा शे | था चि शि की पा शै | का किच् कि टी पा षी प्ली शि | क क तच् | क की कु शि का च श | था कि कु कू च श | था कि की शि की च श | का कि की की टाट् ख शि | क कि कि टा ख |
679,पवमानपाठः,Kandah 9,नवम खण्डः,कावञ्चैव,ता त | षि कू टि | षु कु टि श | षी कु टा | खि शा ता टा टि ख | त्र |
680,पवमानपाठः,Kandah 9,नवम खण्डः,सामराजानित्रीणि विशालानिवा उद्वन्तिवा सम्पद्वा तृतीयम्,का टा कथ् च टा त चि | था टा चि टा त चि | चि ट कथ् टि त चि | था टा चा टि त किच् श | टख् | का खु शी | का चूख् शु | चु कच् खि शी | का षि की फ प्ला श | श | ति की था खा श चि | ति की थाच् क का ख शा खि | ति चू क खि क खि | ति चि काच् क च खा शु | ख |
681,पवमानपाठः,Kandah 9,नवम खण्डः,आङ्गीरसानित्रीणि,ता त श | षि कु टा | षी कि कि टि | खा शा खा शा खू ण श | का खा शा खा श खि ण | टा ता | ख प्ल | ति त | षि का ट | षी कु टि | टि ख श खि श खी ण | त टा ख श खि ण | खी | त्र | ती त श | षि कु टा | षी कू टि | ट ता ट ख ण फु त त | ट त ट ख ण फि खि | त्र |
682,पवमानपाठः,Kandah 9,नवम खण्डः,औशनम्,क टीच् क टा खी ण | टुच क टा खि ण | टूच् क टा खि ण | क टी क टा खी | त्र |
683,पवमानपाठः,Kandah 9,नवम खण्डः,प्रवत्भार्गवम्,त चि फा टी चि | का का भु ची | था का शा भी चि श | थ की भी चा च श | टख् |
684,पवमानपाठः,Kandah 9,नवम खण्डः,विरूपस्यचतन्त्रे,त चि था टी पि चा क फ चा क फ खि शा | था का शा भी पी चा क फ चा क फ खि | त्र | खि ण | पी श का फ चा क फ पु श का फ | चा क फ पु श का फ श | चा क फ टी खि | त्र |
685,पवमानपाठः,Kandah 9,नवम खण्डः,भार्गवञ्चैव,षू तू खा | ता पण् षू ती खा | ता पण् षू ती खि श | ता पण् षू खि | त्र |
686,पवमानपाठः,Kandah 9,नवम खण्डः,यामम्,था चा | षू पा चा फा | षु पि चा क फ | षी पु चा क फ श | था चा | यु टि खि | त्र |
687,पवमानपाठः,Kandah 9,नवम खण्डः,दार्शशीर्षेद्वे,कि खा ङि | चि क कि ख ङि | कि खा ङि | च किच् कि ख श ङि | की ख ङि | किच् कि ख ङि | कि ख ङि | ती का कि ख प्लि | प्ल शा | ती त त श | चु था ट त त त श | चा चा चा थ टि त त त श | की की चि चा थ ट त त त श | कि की चि थ टा त त त श | चा थ टा त त त श | कि क ट त त ख शि | तच् का टाख् |
688,पवमानपाठः,Kandah 9,नवम खण्डः,सैन्धुक्षितानित्रीणि,का टा कथ् टि त चि क ख | था टा चा टि त ची क ख | था टि कथ् टि त चि क ख | थ टा ट टी त चि क खण् | प शा | टा टा कु टि त | टा टा की टि ता | टा टि की टि त | टि टा कि टि खाण् श | प शा | कु कि या पा ता | का का कि या प का | क किच् क टि पा ति | की की य प शा ण श | ख |
689,पवमानपाठः,Kandah 9,नवम खण्डः,यामानित्रीणि,का किच् क पा शा ता श | था किच् क पा प्ल का | का किच् क पि प्ला ता | था किच् क पा प्ली | प्ल शा | खि श खि ण | क भी खि श खि ण | क टि खि श खि ण | क टि खि श खि ण | ता टट् ख शि | त टाख् | षु तू श | षू तू | षु तु | षू ति ता टट् ख शि | त टाख् |
690,पवमानपाठः,Kandah 9,नवम खण्डः,मरूतान्धेनुनीद्वे,ता | कूच् क ट कथ् टा | च खा क थ टिच् क टच् चि | खि ण | चा टीच् क कि खा ण | षू टी खि शि | त टाख् श | प षु प्लू ङ शि | षु की टा | षी कु टि श | खि णा | क टि श टा | ख त्र |
691,पवमानपाठः,Kandah 9,नवम खण्डः,वसिष्ठस्यापामीवेद्वे वायोर्वाभिकृन्दौ,की खी चा क फ | कि खु चा क फ | का षी खि चा क फ | चा श षु खू | त्र | षृ तू त | षी यू प श | षु यु प श | ख प्ल ख ण का टा ट खी | त्र |
692,पवमानपाठः,Kandah 9,नवम खण्डः,अञ्जतेव्यञ्जतेस्समञ्जतइति काक्षीवतानांसामानि त्रीणि शार्ङ्गाणिवा,क का षु टी श | का कि कि टा श | था कि कि टी | का कि की चि श | टख् | ता च ता कि चा चा क फ श | ता च श ता ट खि चा क फ श | ता च ता का खि चा क फ | ता च ता का खू | त्र श | ति | प श णि चि टा ता ट खा शी | प णा चु टा ता ट खा शु | प णा चू टा ता ट खा शु | प णा चू टा ता ट खा प्ल श | प्ल शा |
693,पवमानपाठः,Kandah 9,नवम खण्डः,आदित्यस्यार्कपुष्पे देवानांवा,की कि कु टा टा टा त त श | टीच् क टा ची टा टा टा त त श | कु कि की टा टा टा त त श | का की कू टा टा टा त ख शि | टि टा चि ट ख | की कि कीच् का ट टा | की कि कीच् का ट टा | कु कि कीच् का ट टा | कू कू टि ट ख शि | कि कच् चि ट ख |
694,पवमानपाठः,Kandah 10,दशम खण्डः,वसिष्ठस्यपदेद्वे,ती | टी खा श | का था टच् क टा खा श | चा श | चू | टि खाण् | प शा | ती | टी टि त श | का था च क टा क ट त | का था ट टि ती | टिख् शि | ता ट ख |
695,पवमानपाठः,Kandah 10,दशम खण्डः,वसिष्ठस्यानुपदेद्वे,ती | च क या टा टि | का था का टा टा | का था ट टि टा | किख् शि | ता ट ख | षृ फू त ता ख | का का का का | ची क फप्ल् त | खा शा |
696,पवमानपाठः,Kandah 10,दशम खण्डः,पौष्कलम्,क पा प्ला खा ण श | चा की ख ण | चा श | टी ख त्र | ता टाख् |
697,पवमानपाठः,Kandah 10,दशम खण्डः,ऐषिराणिपञ्च,का शा का च ण | का टा | था शा का ख ण | चा टा | का शा का ख ण | का टा | का की ख त्र | ख श | का की कि टा | था की की टा | का की कि टा | का कि टट् ख शि | ख श | क चि श का टा | क कु टा | क चि श था टिच् | क कू टा | क चि श का टाच् | क कु टा | क चि का त तट् खा शि | ख श | टा टि शा का टा का टा | था टि चा टा | का टा का टा | टा टि शा क त ट खा शि | ख श | पि शु | टा ख णा | टि पि श | टा ख ण | टि ख त्र | ता ट ख |
698,पवमानपाठः,Kandah 10,दशम खण्डः,शौक्तानिपञ्च,का टाच् टृ तच् चा शा | टि त कथ् टीच् क टा खण् श | प शा | ती | खि ण | टा ख ण टट् ख शि | ख श | चु का टाट् ख शि | ताच् | षी टि त | का षे टी टि त ट खण् श | प शा | त षू ति त | का कु पि शी | क शी क पी शू | ती श पु ता खा शि | तच् तुच् | फा खी श | टु खा श | का की ता टि खा श | टू टा खी श | ताच् |
699,पवमानपाठः,Kandah 10,दशम खण्डः,कार्णश्रवसानित्रीणिगौलोमानिवा,ख शप्ल् ख ण | क टा त | कु टाट् त | की का टि खीण् श | प शा | तू | क भि खा श | का टी खा श | शा खा श | कि का टि खा श | शा खा श | ख प्ल् | षी ति त | का टी चा टिच क ख श ति प श ख प्ला | शा |
700,पवमानपाठः,Kandah 10,दशम खण्डः,वैश्वदेवेद्वे,ता | ख शाप्ल् खा णा | टा ख ण | त पि श | कि की टा खीण् | प शा | ती | टि टि ता भी | ख | क कि ता भी | ख श | का ती टि | ख श | टा ट टीट् खा शि | खा श |
701,पवमानपाठः,Kandah 10,दशम खण्डः,इन्द्रसामनीद्वे,ती | टा खी त्र | क शी कि कि का का का | टा की ता | त ताच् | खि शी | टिच् टी च का क का | क षी टु का क का | टी का क का | टिट ख शि | च तिच् |
702,पवमानपाठः,Kandah 10,दशम खण्डः,मरूताम्प्रेङ्खःवसिष्ठस्यवा,फा प्ल खि श प्ल ता श | क टा का पा | प्ल खी शप्ल् ता श | चा का कि पा | फा प्ल खि शप्ल् ति श | चा टा क क पा | प श ख प्ला | शा |
703,पवमानपाठः,Kandah 10,दशम खण्डः,आग्नेयञ्च,टी खी ण श | टी खि ण | कू ख ण | चि पा प्लि | प्ल शा |
704,पवमानपाठः,Kandah 10,दशम खण्डः,सोमसामच,तीच् षु का क ख प्लु | टा त टा | टा त टाच् क प प्ल | प्ला | शा |
705,पवमानपाठः,Kandah 10,दशम खण्डः,सुज्ञानेद्वे,ती | का चा थ टा का चा श | था टाच् क टाट् ख शि | का ति | ट ख | ती | का का का टट् ख शि | टू ति का टट् ख शि | क ष चू का टट् ख शि | ख श |
706,पवमानपाठः,Kandah 10,दशम खण्डः,द्यौतेद्वे,तू | कु टि त | ची ची का फ ख | षी खु प्ला | कीच् का खा प्ला | षी खी प्ला | ता | प्लू | प्ल शा |
707,पवमानपाठः,Kandah 10,दशम खण्डः,आतीषातीयेद्वे,षी खि ण | कीच् का टि खि ण | टा खा ण | खीणफप्ल् | ख | चा क फप्ल् खि प्लि | यू प श | खिणफप्ल् तच् क टा त | टट् ख शि | खि |
708,पवमानपाठः,Kandah 10,दशम खण्डः,सोमसामानिचत्वारि,पि शू | षी टु भि श | कु कि टी खण् श | प शा | फु की श | क का ख शृ | कि ख प्ली ङि श | ता टि | ख श | फिप्ल् खि प्लि श | यू प श | खीणफप्ल् खी ता | का क टा ख प्ल | प्ल शा | ति | ख श खि णा | टा खा श खी श | ख श | चि थाच् टि शी | ख प्ला |
709,पवमानपाठः,Kandah 10,दशम खण्डः,सोमस्ययशांसित्रीणि,ती | चा ट किच् य ट ख श | टीच् क किच् श य ट ख श | कू काच् य ट ख श | टट् ख शि | ताच् क टख् | खा शी | चा ट किच् य ट खि | टीच् क का श य ट खि | का की का य ट खि | टट् ख शि | ताच् ट ख | फू ता प प्लि ङि | पि प्ला ता टाट् ख शि | ख प्ल |
710,पवमानपाठः,Kandah 10,दशम खण्डः,औशनंवासिष्ठंवा,खि शु | की टू खिणफप्ल त च था टि खा श | ख श |
711,पवमानपाठः,Kandah 11,एकादश खण्डः,वासिष्ठेद्वे,ता | टू खा श | ख श | कि क क भि टा टी खा श | चा ता टा | तु | का कि ति का त त | टी त का ख खा ता | टीट् ख शि | ता ट ख |
712,पवमानपाठः,Kandah 11,एकादश खण्डः,सभानित्रीणि,षू ता | षु कु टि ति | टी ति | टि खण् | प शा | ख प्लु ङ श | टू क पी श त त | पु श ख प्ल | शा | पि प्ला खा ण | टुच क पी श त त | पू श ख प्ल | शा |
713,पवमानपाठः,Kandah 11,एकादश खण्डः,ऐषिराणिचत्वारिच्यावनानिवा,की ख कि फ | की खी श का फ | कि कि | ख त्र | ती | चा य ट | षी कि ख शा खी श खु ण | का ता टि | ख श | षी ती | षू की टि त | ती त श | टाच् का का खिण् | प शा | तु ति | क कू की चि | टूच् य प प्ली श | प्ल शा |
714,पवमानपाठः,Kandah 11,एकादश खण्डः,शौक्तानित्रीणि,ती | ट खा शि | ख श | था का की कि भि ता टा खा शि | ता ट ख | ती | का टा ट क थ ट | था का टी ट क थ ट | च टि ट क थ ट | चि ट ट क थ ट | ता ट ख शि | खा श | टि त | टु कू ख श खि शु | पि श भि | ख श |
715,पवमानपाठः,Kandah 11,एकादश खण्डः,वाचस्सामानित्रीणि,ती ती | टा खा श | का की षी टी खा श | का ता ट ख | खा ता यु टा कू ख श | खि शु | का ता टि | ख श | णा च फप्ल् खि प्लि | चा थाच् च य टा | की च य टा | प श ख प्ल | शा |
716,पवमानपाठः,Kandah 11,एकादश खण्डः,कौन्मलबर्हिषाणिपञ्च,ता | टी ख ण | की टी टा ख ण | टा टु त | ट खा शि | ख श | ती | ता टि | ख श | की कि टि क ख शु | का भी | ख श | कु ता | षू की टि त | टि टाच् क प प्ल प्ला | शा | कु षा तु त श | खि श खि ण | खु ण श | टा टि त | ट खा शि | ख श | फा खी शा | की टी टाच् चि श | टूच् कच् का ता टि | खा श | खा प्ली शा | टी चि टि का | प श | टू टा | प प्ली श | प्ल शा |
717,पवमानपाठः,Kandah 11,एकादश खण्डः,दीर्घेद्वे,ता | का टा त | टा चि थ टि त | ट त | का पा प्लि | शा | ति श | टु त श | चा चि थ टी त श | टी त श | का पा प्ला | प्ल शा |
718,पवमानपाठः,Kandah 11,एकादश खण्डः,सोमसामानित्रिणि,ती | का ता टि | ख | टा चि थ टी खु ण | का ता भि | ख | षु ता | क या प का थ टि ख ता | का खाणफप्ल् श | ख | पि शी | क य प का थ पि त्र | टा की ख | ट ख |
719,पवमानपाठः,Kandah 11,एकादश खण्डः,शैतेष्याणिचत्वारि,ति | षी चू कच् का ट टा | टा टा क प प्ल प्ला | शा | ति | षी कि क टा त श | टि ख पा त त | टिट् ख शि | का टाख् | ती | षू कि टि ता | टि तच् क प प्ल प्ला | शा | खि प्ली | टि कथ् टिच् क प पा त त | भि तच् | क प प्ल प्ला | शा |
720,पवमानपाठः,Kandah 11,एकादश खण्डः,सोमसामानित्रीणि,क यु टा | थाच् क षी कु चा | टि त श | प श ख प्ला | शा | क प शु | भि श षि यु टा | टाच् य ट त | चा क टा ख प्ल | प्ल शा | फी की | थाच् क कु प शि का | षी की प प्ल प्लि | शा |
721,पवमानपाठः,Kandah 11,एकादश खण्डः,गायत्रपार्श्वञ्च,ता | का ता टि | ख प्ल | षी कीच् क टा ख | यि ट ता प श | टिख् |
722,पवमानपाठः,Kandah 11,एकादश खण्डः,सन्तनिच,ता त श | का ता टि | ख प्ल | षी कीच् क भि | ता त श | का ता टि | ख श | षी कि च खी | ता त श | का ता टि | ख श | षी की टुख् | ता त श | का ता टि | ख श |
